-- MySQL dump 10.13  Distrib 8.0.23, for Linux (x86_64)
--
-- Host: localhost    Database: mulanbay_template
-- ------------------------------------------------------
-- Server version	8.0.22-0ubuntu0.20.04.2

/*!40101 SET @OLD_CHARACTER_SET_CLIENT=@@CHARACTER_SET_CLIENT */;
/*!40101 SET @OLD_CHARACTER_SET_RESULTS=@@CHARACTER_SET_RESULTS */;
/*!40101 SET @OLD_COLLATION_CONNECTION=@@COLLATION_CONNECTION */;
/*!50503 SET NAMES utf8mb4 */;
/*!40103 SET @OLD_TIME_ZONE=@@TIME_ZONE */;
/*!40103 SET TIME_ZONE='+00:00' */;
/*!40014 SET @OLD_UNIQUE_CHECKS=@@UNIQUE_CHECKS, UNIQUE_CHECKS=0 */;
/*!40014 SET @OLD_FOREIGN_KEY_CHECKS=@@FOREIGN_KEY_CHECKS, FOREIGN_KEY_CHECKS=0 */;
/*!40101 SET @OLD_SQL_MODE=@@SQL_MODE, SQL_MODE='NO_AUTO_VALUE_ON_ZERO' */;
/*!40111 SET @OLD_SQL_NOTES=@@SQL_NOTES, SQL_NOTES=0 */;

--
-- Table structure for table `city`
--

DROP TABLE IF EXISTS `city`;
/*!40101 SET @saved_cs_client     = @@character_set_client */;
/*!50503 SET character_set_client = utf8mb4 */;
CREATE TABLE `city` (
  `id` int NOT NULL DEFAULT '0' COMMENT 'ID',
  `name` varchar(20) DEFAULT NULL COMMENT 'Name',
  `map_name` varchar(20) DEFAULT NULL,
  `province_id` int DEFAULT NULL COMMENT 'PROVINCE',
  `zip_code` varchar(20) DEFAULT NULL COMMENT 'ZIPCODE',
  PRIMARY KEY (`id`)
) ENGINE=InnoDB DEFAULT CHARSET=utf8 COMMENT='城市表';
/*!40101 SET character_set_client = @saved_cs_client */;

--
-- Dumping data for table `city`
--

LOCK TABLES `city` WRITE;
/*!40000 ALTER TABLE `city` DISABLE KEYS */;
INSERT INTO `city` VALUES (1,'北京市','北京市',1,'100000'),(2,'天津市','天津市',2,'100000'),(3,'石家庄市','石家庄市',3,'050000'),(4,'唐山市','唐山市',3,'063000'),(5,'秦皇岛市','秦皇岛市',3,'066000'),(6,'邯郸市','邯郸市',3,'056000'),(7,'邢台市','邢台市',3,'054000'),(8,'保定市','保定市',3,'071000'),(9,'张家口市','张家口市',3,'075000'),(10,'承德市','承德市',3,'067000'),(11,'沧州市','沧州市',3,'061000'),(12,'廊坊市','廊坊市',3,'065000'),(13,'衡水市','衡水市',3,'053000'),(14,'太原市','太原市',4,'030000'),(15,'大同市','大同市',4,'037000'),(16,'阳泉市','阳泉市',4,'045000'),(17,'长治市','长治市',4,'046000'),(18,'晋城市','晋城市',4,'048000'),(19,'朔州市','朔州市',4,'036000'),(20,'晋中市','晋中市',4,'030600'),(21,'运城市','运城市',4,'044000'),(22,'忻州市','忻州市',4,'034000'),(23,'临汾市','临汾市',4,'041000'),(24,'吕梁市','吕梁市',4,'030500'),(25,'呼和浩特市','呼和浩特市',5,'010000'),(26,'包头市','包头市',5,'014000'),(27,'乌海市','乌海市',5,'016000'),(28,'赤峰市','赤峰市',5,'024000'),(29,'通辽市','通辽市',5,'028000'),(30,'鄂尔多斯市','鄂尔多斯市',5,'010300'),(31,'呼伦贝尔市','呼伦贝尔市',5,'021000'),(32,'巴彦淖尔市','巴彦淖尔市',5,'014400'),(33,'乌兰察布市','乌兰察布市',5,'011800'),(34,'兴安盟','兴安盟',5,'137500'),(35,'锡林郭勒盟','锡林郭勒盟',5,'011100'),(36,'阿拉善盟','阿拉善盟',5,'016000'),(37,'沈阳市','沈阳市',6,'110000'),(38,'大连市','大连市',6,'116000'),(39,'鞍山市','鞍山市',6,'114000'),(40,'抚顺市','抚顺市',6,'113000'),(41,'本溪市','本溪市',6,'117000'),(42,'丹东市','丹东市',6,'118000'),(43,'锦州市','锦州市',6,'121000'),(44,'营口市','营口市',6,'115000'),(45,'阜新市','阜新市',6,'123000'),(46,'辽阳市','辽阳市',6,'111000'),(47,'盘锦市','盘锦市',6,'124000'),(48,'铁岭市','铁岭市',6,'112000'),(49,'朝阳市','朝阳市',6,'122000'),(50,'葫芦岛市','葫芦岛市',6,'125000'),(51,'长春市','长春市',7,'130000'),(52,'吉林市','吉林市',7,'132000'),(53,'四平市','四平市',7,'136000'),(54,'辽源市','辽源市',7,'136200'),(55,'通化市','通化市',7,'134000'),(56,'白山市','白山市',7,'134300'),(57,'松原市','松原市',7,'131100'),(58,'白城市','白城市',7,'137000'),(59,'延边朝鲜族自治州','延边朝鲜族自治州',7,'133000'),(60,'哈尔滨市','哈尔滨市',8,'150000'),(61,'齐齐哈尔市','齐齐哈尔市',8,'161000'),(62,'鸡西市','鸡西市',8,'158100'),(63,'鹤岗市','鹤岗市',8,'154100'),(64,'双鸭山市','双鸭山市',8,'155100'),(65,'大庆市','大庆市',8,'163000'),(66,'伊春市','伊春市',8,'152300'),(67,'佳木斯市','佳木斯市',8,'154000'),(68,'七台河市','七台河市',8,'154600'),(69,'牡丹江市','牡丹江市',8,'157000'),(70,'黑河市','黑河市',8,'164300'),(71,'绥化市','绥化市',8,'152000'),(72,'大兴安岭地区','大兴安岭地区',8,'165000'),(73,'上海市','上海市',9,'200000'),(74,'南京市','南京市',10,'210000'),(75,'无锡市','无锡市',10,'214000'),(76,'徐州市','徐州市',10,'221000'),(77,'常州市','常州市',10,'213000'),(78,'苏州市','苏州市',10,'215000'),(79,'南通市','南通市',10,'226000'),(80,'连云港市','连云港市',10,'222000'),(81,'淮安市','淮安市',10,'223200'),(82,'盐城市','盐城市',10,'224000'),(83,'扬州市','扬州市',10,'225000'),(84,'镇江市','镇江市',10,'212000'),(85,'泰州市','泰州市',10,'225300'),(86,'宿迁市','宿迁市',10,'223800'),(87,'杭州市','杭州市',11,'310000'),(88,'宁波市','宁波市',11,'315000'),(89,'温州市','温州市',11,'325000'),(90,'嘉兴市','嘉兴市',11,'314000'),(91,'湖州市','湖州市',11,'313000'),(92,'绍兴市','绍兴市',11,'312000'),(93,'金华市','金华市',11,'321000'),(94,'衢州市','衢州市',11,'324000'),(95,'舟山市','舟山市',11,'316000'),(96,'台州市','台州市',11,'318000'),(97,'丽水市','丽水市',11,'323000'),(98,'合肥市','合肥市',12,'230000'),(99,'芜湖市','芜湖市',12,'241000'),(100,'蚌埠市','蚌埠市',12,'233000'),(101,'淮南市','淮南市',12,'232000'),(102,'马鞍山市','马鞍山市',12,'243000'),(103,'淮北市','淮北市',12,'235000'),(104,'铜陵市','铜陵市',12,'244000'),(105,'安庆市','安庆市',12,'246000'),(106,'黄山市','黄山市',12,'242700'),(107,'滁州市','滁州市',12,'239000'),(108,'阜阳市','阜阳市',12,'236100'),(109,'宿州市','宿州市',12,'234100'),(110,'巢湖市','巢湖市',12,'238000'),(111,'六安市','六安市',12,'237000'),(112,'亳州市','亳州市',12,'236800'),(113,'池州市','池州市',12,'247100'),(114,'宣城市','宣城市',12,'366000'),(115,'福州市','福州市',13,'350000'),(116,'厦门市','厦门市',13,'361000'),(117,'莆田市','莆田市',13,'351100'),(118,'三明市','三明市',13,'365000'),(119,'泉州市','泉州市',13,'362000'),(120,'漳州市','漳州市',13,'363000'),(121,'南平市','南平市',13,'353000'),(122,'龙岩市','龙岩市',13,'364000'),(123,'宁德市','宁德市',13,'352100'),(124,'南昌市','南昌市',14,'330000'),(125,'景德镇市','景德镇市',14,'333000'),(126,'萍乡市','萍乡市',14,'337000'),(127,'九江市','九江市',14,'332000'),(128,'新余市','新余市',14,'338000'),(129,'鹰潭市','鹰潭市',14,'335000'),(130,'赣州市','赣州市',14,'341000'),(131,'吉安市','吉安市',14,'343000'),(132,'宜春市','宜春市',14,'336000'),(133,'抚州市','抚州市',14,'332900'),(134,'上饶市','上饶市',14,'334000'),(135,'济南市','济南市',15,'250000'),(136,'青岛市','青岛市',15,'266000'),(137,'淄博市','淄博市',15,'255000'),(138,'枣庄市','枣庄市',15,'277100'),(139,'东营市','东营市',15,'257000'),(140,'烟台市','烟台市',15,'264000'),(141,'潍坊市','潍坊市',15,'261000'),(142,'济宁市','济宁市',15,'272100'),(143,'泰安市','泰安市',15,'271000'),(144,'威海市','威海市',15,'265700'),(145,'日照市','日照市',15,'276800'),(146,'莱芜市','莱芜市',15,'271100'),(147,'临沂市','临沂市',15,'276000'),(148,'德州市','德州市',15,'253000'),(149,'聊城市','聊城市',15,'252000'),(150,'滨州市','滨州市',15,'256600'),(151,'荷泽市','荷泽市',15,'255000'),(152,'郑州市','郑州市',16,'450000'),(153,'开封市','开封市',16,'475000'),(154,'洛阳市','洛阳市',16,'471000'),(155,'平顶山市','平顶山市',16,'467000'),(156,'安阳市','安阳市',16,'454900'),(157,'鹤壁市','鹤壁市',16,'456600'),(158,'新乡市','新乡市',16,'453000'),(159,'焦作市','焦作市',16,'454100'),(160,'濮阳市','濮阳市',16,'457000'),(161,'许昌市','许昌市',16,'461000'),(162,'漯河市','漯河市',16,'462000'),(163,'三门峡市','三门峡市',16,'472000'),(164,'南阳市','南阳市',16,'473000'),(165,'商丘市','商丘市',16,'476000'),(166,'信阳市','信阳市',16,'464000'),(167,'周口市','周口市',16,'466000'),(168,'驻马店市','驻马店市',16,'463000'),(169,'武汉市','武汉市',17,'430000'),(170,'黄石市','黄石市',17,'435000'),(171,'十堰市','十堰市',17,'442000'),(172,'宜昌市','宜昌市',17,'443000'),(173,'襄樊市','襄樊市',17,'441000'),(174,'鄂州市','鄂州市',17,'436000'),(175,'荆门市','荆门市',17,'448000'),(176,'孝感市','孝感市',17,'432100'),(177,'荆州市','荆州市',17,'434000'),(178,'黄冈市','黄冈市',17,'438000'),(179,'咸宁市','咸宁市',17,'437000'),(180,'随州市','随州市',17,'441300'),(181,'恩施土家族苗族自治州','恩施土家族苗族自治州',17,'445000'),(182,'神农架','神农架',17,'442400'),(183,'长沙市','长沙市',18,'410000'),(184,'株洲市','株洲市',18,'412000'),(185,'湘潭市','湘潭市',18,'411100'),(186,'衡阳市','衡阳市',18,'421000'),(187,'邵阳市','邵阳市',18,'422000'),(188,'岳阳市','岳阳市',18,'414000'),(189,'常德市','常德市',18,'415000'),(190,'张家界市','张家界市',18,'427000'),(191,'益阳市','益阳市',18,'413000'),(192,'郴州市','郴州市',18,'423000'),(193,'永州市','永州市',18,'425000'),(194,'怀化市','怀化市',18,'418000'),(195,'娄底市','娄底市',18,'417000'),(196,'湘西土家族苗族自治州','湘西土家族苗族自治州',18,'416000'),(197,'广州市','广州市',19,'510000'),(198,'韶关市','韶关市',19,'521000'),(199,'深圳市','深圳市',19,'518000'),(200,'珠海市','珠海市',19,'519000'),(201,'汕头市','汕头市',19,'515000'),(202,'佛山市','佛山市',19,'528000'),(203,'江门市','江门市',19,'529000'),(204,'湛江市','湛江市',19,'524000'),(205,'茂名市','茂名市',19,'525000'),(206,'肇庆市','肇庆市',19,'526000'),(207,'惠州市','惠州市',19,'516000'),(208,'梅州市','梅州市',19,'514000'),(209,'汕尾市','汕尾市',19,'516600'),(210,'河源市','河源市',19,'517000'),(211,'阳江市','阳江市',19,'529500'),(212,'清远市','清远市',19,'511500'),(213,'东莞市','东莞市',19,'511700'),(214,'中山市','中山市',19,'528400'),(215,'潮州市','潮州市',19,'515600'),(216,'揭阳市','揭阳市',19,'522000'),(217,'云浮市','云浮市',19,'527300'),(218,'南宁市','南宁市',20,'530000'),(219,'柳州市','柳州市',20,'545000'),(220,'桂林市','桂林市',20,'541000'),(221,'梧州市','梧州市',20,'543000'),(222,'北海市','北海市',20,'536000'),(223,'防城港市','防城港市',20,'538000'),(224,'钦州市','钦州市',20,'535000'),(225,'贵港市','贵港市',20,'537100'),(226,'玉林市','玉林市',20,'537000'),(227,'百色市','百色市',20,'533000'),(228,'贺州市','贺州市',20,'542800'),(229,'河池市','河池市',20,'547000'),(230,'来宾市','来宾市',20,'546100'),(231,'崇左市','崇左市',20,'532200'),(232,'海口市','海口市',21,'570000'),(233,'三亚市','三亚市',21,'572000'),(234,'重庆市','重庆市',22,'400000'),(235,'成都市','成都市',23,'610000'),(236,'自贡市','自贡市',23,'643000'),(237,'攀枝花市','攀枝花市',23,'617000'),(238,'泸州市','泸州市',23,'646100'),(239,'德阳市','德阳市',23,'618000'),(240,'绵阳市','绵阳市',23,'621000'),(241,'广元市','广元市',23,'628000'),(242,'遂宁市','遂宁市',23,'629000'),(243,'内江市','内江市',23,'641000'),(244,'乐山市','乐山市',23,'614000'),(245,'南充市','南充市',23,'637000'),(246,'眉山市','眉山市',23,'612100'),(247,'宜宾市','宜宾市',23,'644000'),(248,'广安市','广安市',23,'638000'),(249,'达州市','达州市',23,'635000'),(250,'雅安市','雅安市',23,'625000'),(251,'巴中市','巴中市',23,'635500'),(252,'资阳市','资阳市',23,'641300'),(253,'阿坝藏族羌族自治州','阿坝藏族羌族自治州',23,'624600'),(254,'甘孜藏族自治州','甘孜藏族自治州',23,'626000'),(255,'凉山彝族自治州','凉山彝族自治州',23,'615000'),(256,'贵阳市','贵阳市',24,'55000'),(257,'六盘水市','六盘水市',24,'553000'),(258,'遵义市','遵义市',24,'563000'),(259,'安顺市','安顺市',24,'561000'),(260,'铜仁地区','铜仁地区',24,'554300'),(261,'黔西南布依族苗族自治州','黔西南布依族苗族自治州',24,'551500'),(262,'毕节地区','毕节地区',24,'551700'),(263,'黔东南苗族侗族自治州','黔东南苗族侗族自治州',24,'551500'),(264,'黔南布依族苗族自治州','黔南布依族苗族自治州',24,'550100'),(265,'昆明市','昆明市',25,'650000'),(266,'曲靖市','曲靖市',25,'655000'),(267,'玉溪市','玉溪市',25,'653100'),(268,'保山市','保山市',25,'678000'),(269,'昭通市','昭通市',25,'657000'),(270,'丽江市','丽江市',25,'674100'),(271,'思茅市','思茅市',25,'665000'),(272,'临沧市','临沧市',25,'677000'),(273,'楚雄彝族自治州','楚雄彝族自治州',25,'675000'),(274,'红河哈尼族彝族自治州','红河哈尼族彝族自治州',25,'654400'),(275,'文山壮族苗族自治州','文山壮族苗族自治州',25,'663000'),(276,'西双版纳傣族自治州','西双版纳傣族自治州',25,'666200'),(277,'大理白族自治州','大理白族自治州',25,'671000'),(278,'德宏傣族景颇族自治州','德宏傣族景颇族自治州',25,'678400'),(279,'怒江傈僳族自治州','怒江傈僳族自治州',25,'671400'),(280,'迪庆藏族自治州','迪庆藏族自治州',25,'674400'),(281,'拉萨市','拉萨市',26,'850000'),(282,'昌都地区','昌都地区',26,'854000'),(283,'山南地区','山南地区',26,'856000'),(284,'日喀则地区','日喀则地区',26,'857000'),(285,'那曲地区','那曲地区',26,'852000'),(286,'阿里地区','阿里地区',26,'859100'),(287,'林芝地区','林芝地区',26,'860100'),(288,'西安市','西安市',27,'710000'),(289,'铜川市','铜川市',27,'727000'),(290,'宝鸡市','宝鸡市',27,'721000'),(291,'咸阳市','咸阳市',27,'712000'),(292,'渭南市','渭南市',27,'714000'),(293,'延安市','延安市',27,'716000'),(294,'汉中市','汉中市',27,'723000'),(295,'榆林市','榆林市',27,'719000'),(296,'安康市','安康市',27,'725000'),(297,'商洛市','商洛市',27,'711500'),(298,'兰州市','兰州市',28,'730000'),(299,'嘉峪关市','嘉峪关市',28,'735100'),(300,'金昌市','金昌市',28,'737100'),(301,'白银市','白银市',28,'730900'),(302,'天水市','天水市',28,'741000'),(303,'武威市','武威市',28,'733000'),(304,'张掖市','张掖市',28,'734000'),(305,'平凉市','平凉市',28,'744000'),(306,'酒泉市','酒泉市',28,'735000'),(307,'庆阳市','庆阳市',28,'744500'),(308,'定西市','定西市',28,'743000'),(309,'陇南市','陇南市',28,'742100'),(310,'临夏回族自治州','临夏回族自治州',28,'731100'),(311,'甘南藏族自治州','甘南藏族自治州',28,'747000'),(312,'西宁市','西宁市',29,'810000'),(313,'海东地区','海东地区',29,'810600'),(314,'海北藏族自治州','海北藏族自治州',29,'810300'),(315,'黄南藏族自治州','黄南藏族自治州',29,'811300'),(316,'海南藏族自治州','海南藏族自治州',29,'813000'),(317,'果洛藏族自治州','果洛藏族自治州',29,'814000'),(318,'玉树藏族自治州','玉树藏族自治州',29,'815000'),(319,'海西蒙古族藏族自治州','海西蒙古族藏族自治州',29,'817000'),(320,'银川市','银川市',30,'750000'),(321,'石嘴山市','石嘴山市',30,'753000'),(322,'吴忠市','吴忠市',30,'751100'),(323,'固原市','固原市',30,'756000'),(324,'中卫市','中卫市',30,'751700'),(325,'乌鲁木齐市','乌鲁木齐市',31,'830000'),(326,'克拉玛依市','克拉玛依市',31,'834000'),(327,'吐鲁番地区','吐鲁番地区',31,'838000'),(328,'哈密地区','哈密地区',31,'839000'),(329,'昌吉回族自治州','昌吉回族自治州',31,'831100'),(330,'博尔塔拉蒙古自治州','博尔塔拉蒙古自治州',31,'833400'),(331,'巴音郭楞蒙古自治州','巴音郭楞蒙古自治州',31,'841000'),(332,'阿克苏地区','阿克苏地区',31,'843000'),(333,'克孜勒苏柯尔克孜自治州','克孜勒苏柯尔克孜自治州',31,'835600'),(334,'喀什地区','喀什地区',31,'844000'),(335,'和田地区','和田地区',31,'848000'),(336,'伊犁哈萨克自治州','伊犁哈萨克自治州',31,'833200'),(337,'塔城地区','塔城地区',31,'834700'),(338,'阿勒泰地区','阿勒泰地区',31,'836500'),(339,'石河子市','石河子市',31,'832000'),(340,'阿拉尔市','阿拉尔市',31,'843300'),(341,'图木舒克市','图木舒克市',31,'843900'),(342,'五家渠市','五家渠市',31,'831300'),(343,'香港特别行政区','香港特别行政区',32,'000000'),(344,'澳门特别行政区','澳门特别行政区',33,'000000'),(345,'台湾省','台湾省',34,'000000');
/*!40000 ALTER TABLE `city` ENABLE KEYS */;
UNLOCK TABLES;

--
-- Table structure for table `command_config`
--

DROP TABLE IF EXISTS `command_config`;
/*!40101 SET @saved_cs_client     = @@character_set_client */;
/*!50503 SET character_set_client = utf8mb4 */;
CREATE TABLE `command_config` (
  `id` bigint NOT NULL AUTO_INCREMENT,
  `code` varchar(32) NOT NULL,
  `name` varchar(45) NOT NULL,
  `scode` varchar(45) NOT NULL,
  `url` varchar(100) DEFAULT NULL,
  `level` smallint NOT NULL DEFAULT '0',
  `order_index` smallint NOT NULL DEFAULT '0',
  `status` smallint DEFAULT NULL,
  `remark` varchar(200) DEFAULT NULL,
  `created_time` datetime NOT NULL,
  `last_modify_time` datetime DEFAULT NULL,
  PRIMARY KEY (`id`),
  UNIQUE KEY `code` (`code`)
) ENGINE=InnoDB AUTO_INCREMENT=10 DEFAULT CHARSET=utf8mb4 COLLATE=utf8mb4_0900_ai_ci;
/*!40101 SET character_set_client = @saved_cs_client */;

--
-- Dumping data for table `command_config`
--

LOCK TABLES `command_config` WRITE;
/*!40000 ALTER TABLE `command_config` DISABLE KEYS */;
INSERT INTO `command_config` VALUES (1,'BACKUP_DB','备份数据库','1001','/mulanbay/server/serverUpdate/backupDatabase.sh',0,0,1,NULL,'2020-06-07 09:47:14',NULL),(4,'BACKUP_MULANBAY','备份木兰湾系统','1004','/mulanbay/server/serverUpdate/backupMulanbay.sh',1,3,1,NULL,'2020-06-07 09:47:14',NULL),(5,'UPDATE_API','更新API服务','1005','/mulanbay/server/serverUpdate/updateAndRestartApiServer.sh',0,4,1,NULL,'2020-06-07 09:47:14',NULL),(6,'BUFF_CACHE','释放操作系统缓存','1006','/mulanbay/server/serverUpdate/buffCache.sh',1,5,1,NULL,'2020-06-07 09:47:14',NULL),(9,'UPDATE_PVUE','更新UI项目','1009','/mulanbay/server/serverUpdate/updatePVUE.sh',0,2,1,NULL,'2020-06-23 09:47:14',NULL);
/*!40000 ALTER TABLE `command_config` ENABLE KEYS */;
UNLOCK TABLES;

--
-- Table structure for table `database_clean`
--

DROP TABLE IF EXISTS `database_clean`;
/*!40101 SET @saved_cs_client     = @@character_set_client */;
/*!50503 SET character_set_client = utf8mb4 */;
CREATE TABLE `database_clean` (
  `id` bigint NOT NULL AUTO_INCREMENT,
  `name` varchar(45) NOT NULL,
  `table_name` varchar(45) NOT NULL,
  `date_field` varchar(45) NOT NULL,
  `days` int NOT NULL,
  `clean_type` smallint NOT NULL,
  `extra_condition` varchar(64) DEFAULT NULL,
  `last_clean_time` datetime DEFAULT NULL,
  `last_clean_counts` bigint DEFAULT NULL,
  `status` smallint NOT NULL,
  `order_index` smallint NOT NULL,
  `created_time` datetime NOT NULL,
  `last_modify_time` datetime DEFAULT NULL,
  PRIMARY KEY (`id`,`name`)
) ENGINE=InnoDB AUTO_INCREMENT=10 DEFAULT CHARSET=utf8mb4 COLLATE=utf8mb4_0900_ai_ci;
/*!40101 SET character_set_client = @saved_cs_client */;

--
-- Dumping data for table `database_clean`
--

LOCK TABLES `database_clean` WRITE;
/*!40000 ALTER TABLE `database_clean` DISABLE KEYS */;
INSERT INTO `database_clean` VALUES (1,'操作日志','operation_log','created_time',7,0,'','2020-08-30 02:00:00',40,1,1,'2017-11-25 21:24:43','2019-12-23 14:16:41'),(2,'系统日志','system_log','occur_time',7,0,NULL,'2020-08-30 02:00:00',0,1,2,'2017-11-25 21:44:57','2018-02-18 20:39:10'),(3,'调度日志','task_log','start_time',7,0,NULL,'2020-08-30 02:00:00',18,1,3,'2017-11-25 21:45:58','2018-02-18 20:39:31'),(4,'已发成功的用户消息','user_message','created_time',7,0,'send_status=1','2020-08-30 02:00:00',35,1,1,'2017-11-26 10:31:13','2019-04-11 09:24:00'),(5,'未发送或者发送失败的用户消息','user_message','created_time',14,0,'(send_status=0 or send_status=2)','2020-08-30 02:00:00',0,1,2,'2017-11-26 10:35:16','2019-04-11 09:23:52');
/*!40000 ALTER TABLE `database_clean` ENABLE KEYS */;
UNLOCK TABLES;

--
-- Table structure for table `dict_group`
--

DROP TABLE IF EXISTS `dict_group`;
/*!40101 SET @saved_cs_client     = @@character_set_client */;
/*!50503 SET character_set_client = utf8mb4 */;
CREATE TABLE `dict_group` (
  `id` bigint NOT NULL AUTO_INCREMENT,
  `name` varchar(45) NOT NULL,
  `code` varchar(45) NOT NULL,
  `status` smallint NOT NULL,
  `order_index` smallint NOT NULL,
  PRIMARY KEY (`id`),
  UNIQUE KEY `code` (`code`)
) ENGINE=InnoDB AUTO_INCREMENT=48 DEFAULT CHARSET=utf8mb4 COLLATE=utf8mb4_0900_ai_ci;
/*!40101 SET character_set_client = @saved_cs_client */;

--
-- Dumping data for table `dict_group`
--

LOCK TABLES `dict_group` WRITE;
/*!40000 ALTER TABLE `dict_group` DISABLE KEYS */;
INSERT INTO `dict_group` VALUES (9,'排序方式','SORT_TYPE',1,9),(11,'时间维度统计类分组','CHART_DATE_GROUP',1,11),(12,'同期比对统计分组','CHART_YOY_DATE_GROUP',1,12),(16,'时间维度统计类分组(全)','CHART_DATE_GROUP_FULL',1,16),(20,'请求支持的方式','URL_SUPPORT_METHODS',1,20),(33,'统计图表的地图类型','STAT_MAP_TYPE',1,33),(47,'系统日志分析分组字段','SYSTEM_LOG_DATE_GROUP_FIELD',1,46);
/*!40000 ALTER TABLE `dict_group` ENABLE KEYS */;
UNLOCK TABLES;

--
-- Table structure for table `dict_item`
--

DROP TABLE IF EXISTS `dict_item`;
/*!40101 SET @saved_cs_client     = @@character_set_client */;
/*!50503 SET character_set_client = utf8mb4 */;
CREATE TABLE `dict_item` (
  `id` bigint NOT NULL AUTO_INCREMENT,
  `group_id` bigint NOT NULL,
  `name` varchar(45) NOT NULL,
  `code` varchar(45) DEFAULT NULL,
  `status` smallint NOT NULL,
  `order_index` smallint NOT NULL,
  PRIMARY KEY (`id`)
) ENGINE=InnoDB AUTO_INCREMENT=222 DEFAULT CHARSET=utf8mb4 COLLATE=utf8mb4_0900_ai_ci;
/*!40101 SET character_set_client = @saved_cs_client */;

--
-- Dumping data for table `dict_item`
--

LOCK TABLES `dict_item` WRITE;
/*!40000 ALTER TABLE `dict_item` DISABLE KEYS */;
INSERT INTO `dict_item` VALUES (27,9,'倒序','desc',1,0),(28,9,'顺序','asc',1,1),(33,11,'月','MONTH',1,0),(34,11,'天','DAY',1,1),(35,11,'天(日历)','DAYCALENDAR',1,2),(36,11,'周','WEEK',1,3),(37,11,'年','YEAR',1,4),(38,11,'年月','YEARMONTH',1,5),(39,11,'天的序号','DAYOFMONTH',1,6),(40,11,'星期的序号','DAYOFWEEK',1,7),(41,12,'月','MONTH',1,0),(42,12,'周','WEEK',1,1),(43,12,'天','DAY',1,2),(54,16,'小时点','HOUR',1,0),(55,16,'时分','HOURMINUTE',1,1),(56,16,'分钟','MINUTE',1,2),(57,16,'天的序号','DAYOFMONTH',1,3),(58,16,'星期的序号','DAYOFWEEK',1,4),(59,16,'月','MONTH',1,5),(60,16,'天','DAY',1,6),(61,16,'天(日历)','DAYCALENDAR',1,7),(62,16,'周','WEEK',1,8),(63,16,'年','YEAR',1,9),(64,16,'年月','YEARMONTH',1,10),(86,20,'POST','POST',1,0),(87,20,'GET','GET',1,1),(88,20,'GET,POST','GET,POST',1,2),(152,33,'中国','CHINA',1,0),(153,33,'世界','WORLD',1,1),(154,33,'地点(中国)','LOCATION',1,2),(219,47,'异常类型','exception_class_name',1,0),(220,47,'错误代码','error_code',1,1),(221,47,'异常级别','log_level',1,2);
/*!40000 ALTER TABLE `dict_item` ENABLE KEYS */;
UNLOCK TABLES;

--
-- Table structure for table `district`
--

DROP TABLE IF EXISTS `district`;
/*!40101 SET @saved_cs_client     = @@character_set_client */;
/*!50503 SET character_set_client = utf8mb4 */;
CREATE TABLE `district` (
  `id` int NOT NULL DEFAULT '0' COMMENT 'ID',
  `name` varchar(20) DEFAULT NULL COMMENT 'NAME',
  `map_name` varchar(20) DEFAULT NULL,
  `city_id` int DEFAULT NULL COMMENT 'CITY',
  PRIMARY KEY (`id`)
) ENGINE=InnoDB DEFAULT CHARSET=utf8 COMMENT='区';
/*!40101 SET character_set_client = @saved_cs_client */;

--
-- Dumping data for table `district`
--

LOCK TABLES `district` WRITE;
/*!40000 ALTER TABLE `district` DISABLE KEYS */;
INSERT INTO `district` VALUES (1,'东城区','东城区',1),(2,'西城区','西城区',1),(3,'崇文区','崇文区',1),(4,'宣武区','宣武区',1),(5,'朝阳区','朝阳区',1),(6,'丰台区','丰台区',1),(7,'石景山区','石景山区',1),(8,'海淀区','海淀区',1),(9,'门头沟区','门头沟区',1),(10,'房山区','房山区',1),(11,'通州区','通州区',1),(12,'顺义区','顺义区',1),(13,'昌平区','昌平区',1),(14,'大兴区','大兴区',1),(15,'怀柔区','怀柔区',1),(16,'平谷区','平谷区',1),(17,'密云县','密云县',1),(18,'延庆县','延庆县',1),(19,'和平区','和平区',2),(20,'河东区','河东区',2),(21,'河西区','河西区',2),(22,'南开区','南开区',2),(23,'河北区','河北区',2),(24,'红桥区','红桥区',2),(25,'塘沽区','塘沽区',2),(26,'汉沽区','汉沽区',2),(27,'大港区','大港区',2),(28,'东丽区','东丽区',2),(29,'西青区','西青区',2),(30,'津南区','津南区',2),(31,'北辰区','北辰区',2),(32,'武清区','武清区',2),(33,'宝坻区','宝坻区',2),(34,'宁河县','宁河县',2),(35,'静海县','静海县',2),(36,'蓟县','蓟县',2),(37,'长安区','长安区',3),(38,'桥东区','桥东区',3),(39,'桥西区','桥西区',3),(40,'新华区','新华区',3),(41,'井陉矿区','井陉矿区',3),(42,'裕华区','裕华区',3),(43,'井陉县','井陉县',3),(44,'正定县','正定县',3),(45,'栾城县','栾城县',3),(46,'行唐县','行唐县',3),(47,'灵寿县','灵寿县',3),(48,'高邑县','高邑县',3),(49,'深泽县','深泽县',3),(50,'赞皇县','赞皇县',3),(51,'无极县','无极县',3),(52,'平山县','平山县',3),(53,'元氏县','元氏县',3),(54,'赵县','赵县',3),(55,'辛集市','辛集市',3),(56,'藁城市','藁城市',3),(57,'晋州市','晋州市',3),(58,'新乐市','新乐市',3),(59,'鹿泉市','鹿泉市',3),(60,'路南区','路南区',4),(61,'路北区','路北区',4),(62,'古冶区','古冶区',4),(63,'开平区','开平区',4),(64,'丰南区','丰南区',4),(65,'丰润区','丰润区',4),(66,'滦县','滦县',4),(67,'滦南县','滦南县',4),(68,'乐亭县','乐亭县',4),(69,'迁西县','迁西县',4),(70,'玉田县','玉田县',4),(71,'唐海县','唐海县',4),(72,'遵化市','遵化市',4),(73,'迁安市','迁安市',4),(74,'海港区','海港区',5),(75,'山海关区','山海关区',5),(76,'北戴河区','北戴河区',5),(77,'青龙满族自治县','青龙满族自治县',5),(78,'昌黎县','昌黎县',5),(79,'抚宁县','抚宁县',5),(80,'卢龙县','卢龙县',5),(81,'邯山区','邯山区',6),(82,'丛台区','丛台区',6),(83,'复兴区','复兴区',6),(84,'峰峰矿区','峰峰矿区',6),(85,'邯郸县','邯郸县',6),(86,'临漳县','临漳县',6),(87,'成安县','成安县',6),(88,'大名县','大名县',6),(89,'涉县','涉县',6),(90,'磁县','磁县',6),(91,'肥乡县','肥乡县',6),(92,'永年县','永年县',6),(93,'邱县','邱县',6),(94,'鸡泽县','鸡泽县',6),(95,'广平县','广平县',6),(96,'馆陶县','馆陶县',6),(97,'魏县','魏县',6),(98,'曲周县','曲周县',6),(99,'武安市','武安市',6),(100,'桥东区','桥东区',7),(102,'邢台县','邢台县',7),(103,'临城县','临城县',7),(104,'内丘县','内丘县',7),(105,'柏乡县','柏乡县',7),(106,'隆尧县','隆尧县',7),(107,'任县','任县',7),(108,'南和县','南和县',7),(109,'宁晋县','宁晋县',7),(110,'巨鹿县','巨鹿县',7),(111,'新河县','新河县',7),(112,'广宗县','广宗县',7),(113,'平乡县','平乡县',7),(114,'威县','威县',7),(115,'清河县','清河县',7),(116,'临西县','临西县',7),(117,'南宫市','南宫市',7),(118,'沙河市','沙河市',7),(119,'新市区','新市区',8),(120,'北市区','北市区',8),(121,'南市区','南市区',8),(122,'满城县','满城县',8),(123,'清苑县','清苑县',8),(124,'涞水县','涞水县',8),(125,'阜平县','阜平县',8),(126,'徐水县','徐水县',8),(127,'定兴县','定兴县',8),(128,'唐县','唐县',8),(129,'高阳县','高阳县',8),(130,'容城县','容城县',8),(131,'涞源县','涞源县',8),(132,'望都县','望都县',8),(133,'安新县','安新县',8),(134,'易县','易县',8),(135,'曲阳县','曲阳县',8),(136,'蠡县','蠡县',8),(137,'顺平县','顺平县',8),(138,'博野县','博野县',8),(139,'雄县','雄县',8),(140,'涿州市','涿州市',8),(141,'定州市','定州市',8),(142,'安国市','安国市',8),(143,'高碑店市','高碑店市',8),(144,'桥东区','桥东区',9),(145,'桥西区','桥西区',9),(146,'宣化区','宣化区',9),(147,'下花园区','下花园区',9),(148,'宣化县','宣化县',9),(149,'张北县','张北县',9),(150,'康保县','康保县',9),(151,'沽源县','沽源县',9),(152,'尚义县','尚义县',9),(153,'蔚县','蔚县',9),(154,'阳原县','阳原县',9),(155,'怀安县','怀安县',9),(156,'万全县','万全县',9),(157,'怀来县','怀来县',9),(158,'涿鹿县','涿鹿县',9),(159,'赤城县','赤城县',9),(160,'崇礼县','崇礼县',9),(161,'双桥区','双桥区',10),(162,'双滦区','双滦区',10),(163,'鹰手营子矿区','鹰手营子矿区',10),(164,'承德县','承德县',10),(165,'兴隆县','兴隆县',10),(166,'平泉县','平泉县',10),(167,'滦平县','滦平县',10),(168,'隆化县','隆化县',10),(169,'丰宁满族自治县','丰宁满族自治县',10),(170,'宽城满族自治县','宽城满族自治县',10),(171,'围场满族蒙古族自治县','围场满族蒙古族自治县',10),(172,'新华区','新华区',11),(173,'运河区','运河区',11),(174,'沧县','沧县',11),(175,'青县','青县',11),(176,'东光县','东光县',11),(177,'海兴县','海兴县',11),(178,'盐山县','盐山县',11),(179,'肃宁县','肃宁县',11),(180,'南皮县','南皮县',11),(181,'吴桥县','吴桥县',11),(182,'献县','献县',11),(183,'孟村回族自治县','孟村回族自治县',11),(184,'泊头市','泊头市',11),(185,'任丘市','任丘市',11),(186,'黄骅市','黄骅市',11),(187,'河间市','河间市',11),(188,'安次区','安次区',12),(189,'广阳区','广阳区',12),(190,'固安县','固安县',12),(191,'永清县','永清县',12),(192,'香河县','香河县',12),(193,'大城县','大城县',12),(194,'文安县','文安县',12),(195,'大厂回族自治县','大厂回族自治县',12),(196,'霸州市','霸州市',12),(197,'三河市','三河市',12),(198,'桃城区','桃城区',13),(199,'枣强县','枣强县',13),(200,'武邑县','武邑县',13),(201,'武强县','武强县',13),(202,'饶阳县','饶阳县',13),(203,'安平县','安平县',13),(204,'故城县','故城县',13),(205,'景县','景县',13),(206,'阜城县','阜城县',13),(207,'冀州市','冀州市',13),(208,'深州市','深州市',13),(209,'小店区','小店区',14),(210,'迎泽区','迎泽区',14),(211,'杏花岭区','杏花岭区',14),(212,'尖草坪区','尖草坪区',14),(213,'万柏林区','万柏林区',14),(214,'晋源区','晋源区',14),(215,'清徐县','清徐县',14),(216,'阳曲县','阳曲县',14),(217,'娄烦县','娄烦县',14),(218,'古交市','古交市',14),(219,'城区','城区',15),(220,'矿区','矿区',15),(221,'南郊区','南郊区',15),(222,'新荣区','新荣区',15),(223,'阳高县','阳高县',15),(224,'天镇县','天镇县',15),(225,'广灵县','广灵县',15),(226,'灵丘县','灵丘县',15),(227,'浑源县','浑源县',15),(228,'左云县','左云县',15),(229,'大同县','大同县',15),(230,'城区','城区',16),(231,'矿区','矿区',16),(232,'郊区','郊区',16),(233,'平定县','平定县',16),(234,'盂县','盂县',16),(235,'城区','城区',17),(236,'郊区','郊区',17),(237,'长治县','长治县',17),(238,'襄垣县','襄垣县',17),(239,'屯留县','屯留县',17),(240,'平顺县','平顺县',17),(241,'黎城县','黎城县',17),(242,'壶关县','壶关县',17),(243,'长子县','长子县',17),(244,'武乡县','武乡县',17),(245,'沁县','沁县',17),(246,'沁源县','沁源县',17),(247,'潞城市','潞城市',17),(248,'城区','城区',18),(249,'沁水县','沁水县',18),(250,'阳城县','阳城县',18),(251,'陵川县','陵川县',18),(252,'泽州县','泽州县',18),(253,'高平市','高平市',18),(254,'朔城区','朔城区',19),(255,'平鲁区','平鲁区',19),(256,'山阴县','山阴县',19),(257,'应县','应县',19),(258,'右玉县','右玉县',19),(259,'怀仁县','怀仁县',19),(260,'榆次区','榆次区',20),(261,'榆社县','榆社县',20),(262,'左权县','左权县',20),(263,'和顺县','和顺县',20),(264,'昔阳县','昔阳县',20),(265,'寿阳县','寿阳县',20),(266,'太谷县','太谷县',20),(267,'祁县','祁县',20),(268,'平遥县','平遥县',20),(269,'灵石县','灵石县',20),(270,'介休市','介休市',20),(271,'盐湖区','盐湖区',21),(272,'临猗县','临猗县',21),(273,'万荣县','万荣县',21),(274,'闻喜县','闻喜县',21),(275,'稷山县','稷山县',21),(276,'新绛县','新绛县',21),(277,'绛县','绛县',21),(278,'垣曲县','垣曲县',21),(279,'夏县','夏县',21),(280,'平陆县','平陆县',21),(281,'芮城县','芮城县',21),(282,'永济市','永济市',21),(283,'河津市','河津市',21),(284,'忻府区','忻府区',22),(285,'定襄县','定襄县',22),(286,'五台县','五台县',22),(287,'代县','代县',22),(288,'繁峙县','繁峙县',22),(289,'宁武县','宁武县',22),(290,'静乐县','静乐县',22),(291,'神池县','神池县',22),(292,'五寨县','五寨县',22),(293,'岢岚县','岢岚县',22),(294,'河曲县','河曲县',22),(295,'保德县','保德县',22),(296,'偏关县','偏关县',22),(297,'原平市','原平市',22),(298,'尧都区','尧都区',23),(299,'曲沃县','曲沃县',23),(300,'翼城县','翼城县',23),(301,'襄汾县','襄汾县',23),(302,'洪洞县','洪洞县',23),(304,'安泽县','安泽县',23),(305,'浮山县','浮山县',23),(306,'吉县','吉县',23),(307,'乡宁县','乡宁县',23),(308,'大宁县','大宁县',23),(309,'隰县','隰县',23),(310,'永和县','永和县',23),(311,'蒲县','蒲县',23),(312,'汾西县','汾西县',23),(313,'侯马市','侯马市',23),(314,'霍州市','霍州市',23),(315,'离石区','离石区',24),(316,'文水县','文水县',24),(317,'交城县','交城县',24),(318,'兴县','兴县',24),(319,'临县','临县',24),(320,'柳林县','柳林县',24),(321,'石楼县','石楼县',24),(322,'岚县','岚县',24),(323,'方山县','方山县',24),(324,'中阳县','中阳县',24),(325,'交口县','交口县',24),(326,'孝义市','孝义市',24),(327,'汾阳市','汾阳市',24),(328,'新城区','新城区',25),(329,'回民区','回民区',25),(330,'玉泉区','玉泉区',25),(331,'赛罕区','赛罕区',25),(332,'土默特左旗','土默特左旗',25),(333,'托克托县','托克托县',25),(334,'和林格尔县','和林格尔县',25),(335,'清水河县','清水河县',25),(336,'武川县','武川县',25),(337,'东河区','东河区',26),(338,'昆都仑区','昆都仑区',26),(339,'青山区','青山区',26),(340,'石拐区','石拐区',26),(341,'白云矿区','白云矿区',26),(342,'九原区','九原区',26),(343,'土默特右旗','土默特右旗',26),(344,'固阳县','固阳县',26),(345,'达尔罕茂明安联合旗','达尔罕茂明安联合旗',26),(346,'海勃湾区','海勃湾区',27),(347,'海南区','海南区',27),(348,'乌达区','乌达区',27),(349,'红山区','红山区',28),(350,'元宝山区','元宝山区',28),(351,'松山区','松山区',28),(352,'阿鲁科尔沁旗','阿鲁科尔沁旗',28),(353,'巴林左旗','巴林左旗',28),(354,'巴林右旗','巴林右旗',28),(355,'林西县','林西县',28),(356,'克什克腾旗','克什克腾旗',28),(357,'翁牛特旗','翁牛特旗',28),(358,'喀喇沁旗','喀喇沁旗',28),(359,'宁城县','宁城县',28),(360,'敖汉旗','敖汉旗',28),(361,'科尔沁区','科尔沁区',29),(362,'科尔沁左翼中旗','科尔沁左翼中旗',29),(363,'科尔沁左翼后旗','科尔沁左翼后旗',29),(364,'开鲁县','开鲁县',29),(365,'库伦旗','库伦旗',29),(366,'奈曼旗','奈曼旗',29),(367,'扎鲁特旗','扎鲁特旗',29),(368,'霍林郭勒市','霍林郭勒市',29),(369,'东胜区','东胜区',30),(370,'达拉特旗','达拉特旗',30),(371,'准格尔旗','准格尔旗',30),(372,'鄂托克前旗','鄂托克前旗',30),(373,'鄂托克旗','鄂托克旗',30),(374,'杭锦旗','杭锦旗',30),(375,'乌审旗','乌审旗',30),(376,'伊金霍洛旗','伊金霍洛旗',30),(377,'海拉尔区','海拉尔区',31),(378,'阿荣旗','阿荣旗',31),(379,'莫力达瓦达斡尔族自治旗','莫力达瓦达斡尔族自治旗',31),(380,'鄂伦春自治旗','鄂伦春自治旗',31),(381,'鄂温克族自治旗','鄂温克族自治旗',31),(382,'陈巴尔虎旗','陈巴尔虎旗',31),(383,'新巴尔虎左旗','新巴尔虎左旗',31),(384,'新巴尔虎右旗','新巴尔虎右旗',31),(385,'满洲里市','满洲里市',31),(386,'牙克石市','牙克石市',31),(387,'扎兰屯市','扎兰屯市',31),(388,'额尔古纳市','额尔古纳市',31),(389,'根河市','根河市',31),(390,'临河区','临河区',32),(391,'五原县','五原县',32),(392,'磴口县','磴口县',32),(393,'乌拉特前旗','乌拉特前旗',32),(394,'乌拉特中旗','乌拉特中旗',32),(395,'乌拉特后旗','乌拉特后旗',32),(396,'杭锦后旗','杭锦后旗',32),(397,'集宁区','集宁区',33),(398,'卓资县','卓资县',33),(399,'化德县','化德县',33),(400,'商都县','商都县',33),(401,'兴和县','兴和县',33),(402,'凉城县','凉城县',33),(403,'察哈尔右翼前旗','察哈尔右翼前旗',33),(405,'察哈尔右翼后旗','察哈尔右翼后旗',33),(406,'四子王旗','四子王旗',33),(407,'丰镇市','丰镇市',33),(408,'乌兰浩特市','乌兰浩特市',34),(409,'阿尔山市','阿尔山市',34),(410,'科尔沁右翼前旗','科尔沁右翼前旗',34),(411,'科尔沁右翼中旗','科尔沁右翼中旗',34),(412,'扎赉特旗','扎赉特旗',34),(413,'突泉县','突泉县',34),(414,'二连浩特市','二连浩特市',35),(415,'锡林浩特市','锡林浩特市',35),(416,'阿巴嘎旗','阿巴嘎旗',35),(417,'苏尼特左旗','苏尼特左旗',35),(418,'苏尼特右旗','苏尼特右旗',35),(419,'东乌珠穆沁旗','东乌珠穆沁旗',35),(420,'西乌珠穆沁旗','西乌珠穆沁旗',35),(421,'太仆寺旗','太仆寺旗',35),(422,'镶黄旗','镶黄旗',35),(423,'正镶白旗','正镶白旗',35),(424,'正蓝旗','正蓝旗',35),(425,'多伦县','多伦县',35),(426,'阿拉善左旗','阿拉善左旗',36),(427,'阿拉善右旗','阿拉善右旗',36),(428,'额济纳旗','额济纳旗',36),(429,'和平区','和平区',37),(430,'沈河区','沈河区',37),(431,'大东区','大东区',37),(432,'皇姑区','皇姑区',37),(433,'铁西区','铁西区',37),(434,'苏家屯区','苏家屯区',37),(435,'东陵区','东陵区',37),(436,'新城子区','新城子区',37),(437,'于洪区','于洪区',37),(438,'辽中县','辽中县',37),(439,'康平县','康平县',37),(440,'法库县','法库县',37),(441,'新民市','新民市',37),(442,'中山区','中山区',38),(443,'西岗区','西岗区',38),(444,'沙河口区','沙河口区',38),(445,'甘井子区','甘井子区',38),(446,'旅顺口区','旅顺口区',38),(447,'金州区','金州区',38),(448,'长海县','长海县',38),(449,'瓦房店市','瓦房店市',38),(450,'普兰店市','普兰店市',38),(451,'庄河市','庄河市',38),(452,'铁东区','铁东区',39),(453,'铁西区','铁西区',39),(454,'立山区','立山区',39),(455,'千山区','千山区',39),(456,'台安县','台安县',39),(457,'岫岩满族自治县','岫岩满族自治县',39),(458,'海城市','海城市',39),(459,'新抚区','新抚区',40),(460,'东洲区','东洲区',40),(461,'望花区','望花区',40),(462,'顺城区','顺城区',40),(463,'抚顺县','抚顺县',40),(464,'新宾满族自治县','新宾满族自治县',40),(465,'清原满族自治县','清原满族自治县',40),(466,'平山区','平山区',41),(467,'溪湖区','溪湖区',41),(468,'明山区','明山区',41),(469,'南芬区','南芬区',41),(470,'本溪满族自治县','本溪满族自治县',41),(471,'桓仁满族自治县','桓仁满族自治县',41),(472,'元宝区','元宝区',42),(473,'振兴区','振兴区',42),(474,'振安区','振安区',42),(475,'宽甸满族自治县','宽甸满族自治县',42),(476,'东港市','东港市',42),(477,'凤城市','凤城市',42),(478,'古塔区','古塔区',43),(479,'凌河区','凌河区',43),(480,'太和区','太和区',43),(481,'黑山县','黑山县',43),(482,'义县','义县',43),(483,'凌海市','凌海市',43),(484,'北宁市','北宁市',43),(485,'站前区','站前区',44),(486,'西市区','西市区',44),(487,'鲅鱼圈区','鲅鱼圈区',44),(488,'老边区','老边区',44),(489,'盖州市','盖州市',44),(490,'大石桥市','大石桥市',44),(491,'海州区','海州区',45),(492,'新邱区','新邱区',45),(493,'太平区','太平区',45),(494,'清河门区','清河门区',45),(495,'细河区','细河区',45),(496,'阜新蒙古族自治县','阜新蒙古族自治县',45),(497,'彰武县','彰武县',45),(498,'白塔区','白塔区',46),(499,'文圣区','文圣区',46),(500,'宏伟区','宏伟区',46),(501,'弓长岭区','弓长岭区',46),(502,'太子河区','太子河区',46),(503,'辽阳县','辽阳县',46),(504,'灯塔市','灯塔市',46),(506,'兴隆台区','兴隆台区',47),(507,'大洼县','大洼县',47),(508,'盘山县','盘山县',47),(509,'银州区','银州区',48),(510,'清河区','清河区',48),(511,'铁岭县','铁岭县',48),(512,'西丰县','西丰县',48),(513,'昌图县','昌图县',48),(514,'调兵山市','调兵山市',48),(515,'开原市','开原市',48),(516,'双塔区','双塔区',49),(517,'龙城区','龙城区',49),(518,'朝阳县','朝阳县',49),(519,'建平县','建平县',49),(520,'喀喇沁左翼蒙古族自治县','喀喇沁左翼蒙古族自治县',49),(521,'北票市','北票市',49),(522,'凌源市','凌源市',49),(523,'连山区','连山区',50),(524,'龙港区','龙港区',50),(525,'南票区','南票区',50),(526,'绥中县','绥中县',50),(527,'建昌县','建昌县',50),(528,'兴城市','兴城市',50),(529,'南关区','南关区',51),(530,'宽城区','宽城区',51),(531,'朝阳区','朝阳区',51),(532,'二道区','二道区',51),(533,'绿园区','绿园区',51),(534,'双阳区','双阳区',51),(535,'农安县','农安县',51),(536,'九台市','九台市',51),(537,'榆树市','榆树市',51),(538,'德惠市','德惠市',51),(539,'昌邑区','昌邑区',52),(540,'龙潭区','龙潭区',52),(541,'船营区','船营区',52),(542,'丰满区','丰满区',52),(543,'永吉县','永吉县',52),(544,'蛟河市','蛟河市',52),(545,'桦甸市','桦甸市',52),(546,'舒兰市','舒兰市',52),(547,'磐石市','磐石市',52),(548,'铁西区','铁西区',53),(549,'铁东区','铁东区',53),(550,'梨树县','梨树县',53),(551,'伊通满族自治县','伊通满族自治县',53),(552,'公主岭市','公主岭市',53),(553,'双辽市','双辽市',53),(554,'龙山区','龙山区',54),(555,'西安区','西安区',54),(556,'东丰县','东丰县',54),(557,'东辽县','东辽县',54),(558,'东昌区','东昌区',55),(559,'二道江区','二道江区',55),(560,'通化县','通化县',55),(561,'辉南县','辉南县',55),(562,'柳河县','柳河县',55),(563,'梅河口市','梅河口市',55),(564,'集安市','集安市',55),(565,'八道江区','八道江区',56),(566,'抚松县','抚松县',56),(567,'靖宇县','靖宇县',56),(568,'长白朝鲜族自治县','长白朝鲜族自治县',56),(569,'江源县','江源县',56),(570,'临江市','临江市',56),(571,'宁江区','宁江区',57),(572,'前郭尔罗斯蒙古族自治县','前郭尔罗斯蒙古族自治县',57),(573,'长岭县','长岭县',57),(574,'乾安县','乾安县',57),(575,'扶余县','扶余县',57),(576,'洮北区','洮北区',58),(577,'镇赉县','镇赉县',58),(578,'通榆县','通榆县',58),(579,'洮南市','洮南市',58),(580,'大安市','大安市',58),(581,'延吉市','延吉市',59),(582,'图们市','图们市',59),(583,'敦化市','敦化市',59),(584,'珲春市','珲春市',59),(585,'龙井市','龙井市',59),(586,'和龙市','和龙市',59),(587,'汪清县','汪清县',59),(588,'安图县','安图县',59),(589,'道里区','道里区',60),(590,'南岗区','南岗区',60),(591,'道外区','道外区',60),(592,'香坊区','香坊区',60),(593,'动力区','动力区',60),(594,'平房区','平房区',60),(595,'松北区','松北区',60),(596,'呼兰区','呼兰区',60),(597,'依兰县','依兰县',60),(598,'方正县','方正县',60),(599,'宾县','宾县',60),(600,'巴彦县','巴彦县',60),(601,'木兰县','木兰县',60),(602,'通河县','通河县',60),(603,'延寿县','延寿县',60),(604,'阿城市','阿城市',60),(605,'双城市','双城市',60),(607,'五常市','五常市',60),(608,'龙沙区','龙沙区',61),(609,'建华区','建华区',61),(610,'铁锋区','铁锋区',61),(611,'昂昂溪区','昂昂溪区',61),(612,'富拉尔基区','富拉尔基区',61),(613,'碾子山区','碾子山区',61),(614,'梅里斯达斡尔族区','梅里斯达斡尔族区',61),(615,'龙江县','龙江县',61),(616,'依安县','依安县',61),(617,'泰来县','泰来县',61),(618,'甘南县','甘南县',61),(619,'富裕县','富裕县',61),(620,'克山县','克山县',61),(621,'克东县','克东县',61),(622,'拜泉县','拜泉县',61),(623,'讷河市','讷河市',61),(624,'鸡冠区','鸡冠区',62),(625,'恒山区','恒山区',62),(626,'滴道区','滴道区',62),(627,'梨树区','梨树区',62),(628,'城子河区','城子河区',62),(629,'麻山区','麻山区',62),(630,'鸡东县','鸡东县',62),(631,'虎林市','虎林市',62),(632,'密山市','密山市',62),(633,'向阳区','向阳区',63),(634,'工农区','工农区',63),(635,'南山区','南山区',63),(636,'兴安区','兴安区',63),(637,'东山区','东山区',63),(638,'兴山区','兴山区',63),(639,'萝北县','萝北县',63),(640,'绥滨县','绥滨县',63),(641,'尖山区','尖山区',64),(642,'岭东区','岭东区',64),(643,'四方台区','四方台区',64),(644,'宝山区','宝山区',64),(645,'集贤县','集贤县',64),(646,'友谊县','友谊县',64),(647,'宝清县','宝清县',64),(648,'饶河县','饶河县',64),(649,'萨尔图区','萨尔图区',65),(650,'龙凤区','龙凤区',65),(651,'让胡路区','让胡路区',65),(652,'红岗区','红岗区',65),(653,'大同区','大同区',65),(654,'肇州县','肇州县',65),(655,'肇源县','肇源县',65),(656,'林甸县','林甸县',65),(657,'杜尔伯特蒙古族自治县','杜尔伯特蒙古族自治县',65),(658,'伊春区','伊春区',66),(659,'南岔区','南岔区',66),(660,'友好区','友好区',66),(661,'西林区','西林区',66),(662,'翠峦区','翠峦区',66),(663,'新青区','新青区',66),(664,'美溪区','美溪区',66),(665,'金山屯区','金山屯区',66),(666,'五营区','五营区',66),(667,'乌马河区','乌马河区',66),(668,'汤旺河区','汤旺河区',66),(669,'带岭区','带岭区',66),(670,'乌伊岭区','乌伊岭区',66),(671,'红星区','红星区',66),(672,'上甘岭区','上甘岭区',66),(673,'嘉荫县','嘉荫县',66),(674,'铁力市','铁力市',66),(675,'永红区','永红区',67),(676,'向阳区','向阳区',67),(677,'前进区','前进区',67),(678,'东风区','东风区',67),(679,'郊区','郊区',67),(680,'桦南县','桦南县',67),(681,'桦川县','桦川县',67),(682,'汤原县','汤原县',67),(683,'抚远县','抚远县',67),(684,'同江市','同江市',67),(685,'富锦市','富锦市',67),(686,'新兴区','新兴区',68),(687,'桃山区','桃山区',68),(688,'茄子河区','茄子河区',68),(689,'勃利县','勃利县',68),(690,'东安区','东安区',69),(691,'阳明区','阳明区',69),(692,'爱民区','爱民区',69),(693,'西安区','西安区',69),(694,'东宁县','东宁县',69),(695,'林口县','林口县',69),(696,'绥芬河市','绥芬河市',69),(697,'海林市','海林市',69),(698,'宁安市','宁安市',69),(699,'穆棱市','穆棱市',69),(700,'爱辉区','爱辉区',70),(701,'嫩江县','嫩江县',70),(702,'逊克县','逊克县',70),(703,'孙吴县','孙吴县',70),(704,'北安市','北安市',70),(705,'五大连池市','五大连池市',70),(706,'北林区','北林区',71),(708,'兰西县','兰西县',71),(709,'青冈县','青冈县',71),(710,'庆安县','庆安县',71),(711,'明水县','明水县',71),(712,'绥棱县','绥棱县',71),(713,'安达市','安达市',71),(714,'肇东市','肇东市',71),(715,'海伦市','海伦市',71),(716,'呼玛县','呼玛县',72),(717,'塔河县','塔河县',72),(718,'漠河县','漠河县',72),(719,'黄浦区','黄浦区',73),(720,'卢湾区','卢湾区',73),(721,'徐汇区','徐汇区',73),(722,'长宁区','长宁区',73),(723,'静安区','静安区',73),(724,'普陀区','普陀区',73),(725,'闸北区','闸北区',73),(726,'虹口区','虹口区',73),(727,'杨浦区','杨浦区',73),(728,'闵行区','闵行区',73),(729,'宝山区','宝山区',73),(730,'嘉定区','嘉定区',73),(731,'浦东新区','浦东新区',73),(732,'金山区','金山区',73),(733,'松江区','松江区',73),(734,'青浦区','青浦区',73),(735,'南汇区','南汇区',73),(736,'奉贤区','奉贤区',73),(737,'崇明县','崇明县',73),(738,'玄武区','玄武区',74),(739,'白下区','白下区',74),(740,'秦淮区','秦淮区',74),(741,'建邺区','建邺区',74),(742,'鼓楼区','鼓楼区',74),(743,'下关区','下关区',74),(744,'浦口区','浦口区',74),(745,'栖霞区','栖霞区',74),(746,'雨花台区','雨花台区',74),(747,'江宁区','江宁区',74),(748,'六合区','六合区',74),(749,'溧水县','溧水县',74),(750,'高淳县','高淳县',74),(751,'崇安区','崇安区',75),(752,'南长区','南长区',75),(753,'北塘区','北塘区',75),(754,'锡山区','锡山区',75),(755,'惠山区','惠山区',75),(756,'滨湖区','滨湖区',75),(757,'江阴市','江阴市',75),(758,'宜兴市','宜兴市',75),(759,'鼓楼区','鼓楼区',76),(760,'云龙区','云龙区',76),(761,'九里区','九里区',76),(762,'贾汪区','贾汪区',76),(763,'泉山区','泉山区',76),(764,'丰县','丰县',76),(765,'沛县','沛县',76),(766,'铜山县','铜山县',76),(767,'睢宁县','睢宁县',76),(768,'新沂市','新沂市',76),(769,'邳州市','邳州市',76),(770,'天宁区','天宁区',77),(771,'钟楼区','钟楼区',77),(772,'戚墅堰区','戚墅堰区',77),(773,'新北区','新北区',77),(774,'武进区','武进区',77),(775,'溧阳市','溧阳市',77),(776,'金坛市','金坛市',77),(777,'沧浪区','沧浪区',78),(778,'平江区','平江区',78),(779,'金阊区','金阊区',78),(780,'虎丘区','虎丘区',78),(781,'吴中区','吴中区',78),(782,'相城区','相城区',78),(783,'常熟市','常熟市',78),(784,'张家港市','张家港市',78),(785,'昆山市','昆山市',78),(786,'吴江市','吴江市',78),(787,'太仓市','太仓市',78),(788,'崇川区','崇川区',79),(789,'港闸区','港闸区',79),(790,'海安县','海安县',79),(791,'如东县','如东县',79),(792,'启东市','启东市',79),(793,'如皋市','如皋市',79),(794,'通州市','通州市',79),(795,'海门市','海门市',79),(796,'连云区','连云区',80),(797,'新浦区','新浦区',80),(798,'海州区','海州区',80),(799,'赣榆县','赣榆县',80),(800,'东海县','东海县',80),(801,'灌云县','灌云县',80),(802,'灌南县','灌南县',80),(803,'清河区','清河区',81),(804,'楚州区','楚州区',81),(805,'淮阴区','淮阴区',81),(806,'清浦区','清浦区',81),(807,'涟水县','涟水县',81),(809,'盱眙县','盱眙县',81),(810,'金湖县','金湖县',81),(811,'亭湖区','亭湖区',82),(812,'盐都区','盐都区',82),(813,'响水县','响水县',82),(814,'滨海县','滨海县',82),(815,'阜宁县','阜宁县',82),(816,'射阳县','射阳县',82),(817,'建湖县','建湖县',82),(818,'东台市','东台市',82),(819,'大丰市','大丰市',82),(820,'广陵区','广陵区',83),(821,'邗江区','邗江区',83),(822,'维扬区','维扬区',83),(823,'宝应县','宝应县',83),(824,'仪征市','仪征市',83),(825,'高邮市','高邮市',83),(826,'江都市','江都市',83),(827,'京口区','京口区',84),(828,'润州区','润州区',84),(829,'丹徒区','丹徒区',84),(830,'丹阳市','丹阳市',84),(831,'扬中市','扬中市',84),(832,'句容市','句容市',84),(833,'海陵区','海陵区',85),(834,'高港区','高港区',85),(835,'兴化市','兴化市',85),(836,'靖江市','靖江市',85),(837,'泰兴市','泰兴市',85),(838,'姜堰市','姜堰市',85),(839,'宿城区','宿城区',86),(840,'宿豫区','宿豫区',86),(841,'沭阳县','沭阳县',86),(842,'泗阳县','泗阳县',86),(843,'泗洪县','泗洪县',86),(844,'上城区','上城区',87),(845,'下城区','下城区',87),(846,'江干区','江干区',87),(847,'拱墅区','拱墅区',87),(848,'西湖区','西湖区',87),(849,'滨江区','滨江区',87),(850,'萧山区','萧山区',87),(851,'余杭区','余杭区',87),(852,'桐庐县','桐庐县',87),(853,'淳安县','淳安县',87),(854,'建德市','建德市',87),(855,'富阳市','富阳市',87),(856,'临安市','临安市',87),(857,'海曙区','海曙区',88),(858,'江东区','江东区',88),(859,'江北区','江北区',88),(860,'北仑区','北仑区',88),(861,'镇海区','镇海区',88),(862,'鄞州区','鄞州区',88),(863,'象山县','象山县',88),(864,'宁海县','宁海县',88),(865,'余姚市','余姚市',88),(866,'慈溪市','慈溪市',88),(867,'奉化市','奉化市',88),(868,'鹿城区','鹿城区',89),(869,'龙湾区','龙湾区',89),(870,'瓯海区','瓯海区',89),(871,'洞头县','洞头县',89),(872,'永嘉县','永嘉县',89),(873,'平阳县','平阳县',89),(874,'苍南县','苍南县',89),(875,'文成县','文成县',89),(876,'泰顺县','泰顺县',89),(877,'瑞安市','瑞安市',89),(878,'乐清市','乐清市',89),(879,'秀城区','秀城区',90),(880,'秀洲区','秀洲区',90),(881,'嘉善县','嘉善县',90),(882,'海盐县','海盐县',90),(883,'海宁市','海宁市',90),(884,'平湖市','平湖市',90),(885,'桐乡市','桐乡市',90),(886,'吴兴区','吴兴区',91),(887,'南浔区','南浔区',91),(888,'德清县','德清县',91),(889,'长兴县','长兴县',91),(890,'安吉县','安吉县',91),(891,'越城区','越城区',92),(892,'绍兴县','绍兴县',92),(893,'新昌县','新昌县',92),(894,'诸暨市','诸暨市',92),(895,'上虞市','上虞市',92),(896,'嵊州市','嵊州市',92),(897,'婺城区','婺城区',93),(898,'金东区','金东区',93),(899,'武义县','武义县',93),(900,'浦江县','浦江县',93),(901,'磐安县','磐安县',93),(902,'兰溪市','兰溪市',93),(903,'义乌市','义乌市',93),(904,'东阳市','东阳市',93),(905,'永康市','永康市',93),(906,'柯城区','柯城区',94),(907,'衢江区','衢江区',94),(908,'常山县','常山县',94),(910,'龙游县','龙游县',94),(911,'江山市','江山市',94),(912,'定海区','定海区',95),(913,'普陀区','普陀区',95),(914,'岱山县','岱山县',95),(915,'嵊泗县','嵊泗县',95),(916,'椒江区','椒江区',96),(917,'黄岩区','黄岩区',96),(918,'路桥区','路桥区',96),(919,'玉环县','玉环县',96),(920,'三门县','三门县',96),(921,'天台县','天台县',96),(922,'仙居县','仙居县',96),(923,'温岭市','温岭市',96),(924,'临海市','临海市',96),(925,'莲都区','莲都区',97),(926,'青田县','青田县',97),(927,'缙云县','缙云县',97),(928,'遂昌县','遂昌县',97),(929,'松阳县','松阳县',97),(930,'云和县','云和县',97),(931,'庆元县','庆元县',97),(932,'景宁畲族自治县','景宁畲族自治县',97),(933,'龙泉市','龙泉市',97),(934,'瑶海区','瑶海区',98),(935,'庐阳区','庐阳区',98),(936,'蜀山区','蜀山区',98),(937,'包河区','包河区',98),(938,'长丰县','长丰县',98),(939,'肥东县','肥东县',98),(940,'肥西县','肥西县',98),(941,'镜湖区','镜湖区',99),(942,'马塘区','马塘区',99),(943,'新芜区','新芜区',99),(944,'鸠江区','鸠江区',99),(945,'芜湖县','芜湖县',99),(946,'繁昌县','繁昌县',99),(947,'南陵县','南陵县',99),(948,'龙子湖区','龙子湖区',100),(949,'蚌山区','蚌山区',100),(950,'禹会区','禹会区',100),(951,'淮上区','淮上区',100),(952,'怀远县','怀远县',100),(953,'五河县','五河县',100),(954,'固镇县','固镇县',100),(955,'大通区','大通区',101),(956,'田家庵区','田家庵区',101),(957,'谢家集区','谢家集区',101),(958,'八公山区','八公山区',101),(959,'潘集区','潘集区',101),(960,'凤台县','凤台县',101),(961,'金家庄区','金家庄区',102),(962,'花山区','花山区',102),(963,'雨山区','雨山区',102),(964,'当涂县','当涂县',102),(965,'杜集区','杜集区',103),(966,'相山区','相山区',103),(967,'烈山区','烈山区',103),(968,'濉溪县','濉溪县',103),(969,'铜官山区','铜官山区',104),(970,'狮子山区','狮子山区',104),(971,'郊区','郊区',104),(972,'铜陵县','铜陵县',104),(973,'迎江区','迎江区',105),(974,'大观区','大观区',105),(975,'郊区','郊区',105),(976,'怀宁县','怀宁县',105),(977,'枞阳县','枞阳县',105),(978,'潜山县','潜山县',105),(979,'太湖县','太湖县',105),(980,'宿松县','宿松县',105),(981,'望江县','望江县',105),(982,'岳西县','岳西县',105),(983,'桐城市','桐城市',105),(984,'屯溪区','屯溪区',106),(985,'黄山区','黄山区',106),(986,'徽州区','徽州区',106),(987,'歙县','歙县',106),(988,'休宁县','休宁县',106),(989,'黟县','黟县',106),(990,'祁门县','祁门县',106),(991,'琅琊区','琅琊区',107),(992,'南谯区','南谯区',107),(993,'来安县','来安县',107),(994,'全椒县','全椒县',107),(995,'定远县','定远县',107),(996,'凤阳县','凤阳县',107),(997,'天长市','天长市',107),(998,'明光市','明光市',107),(999,'颍州区','颍州区',108),(1000,'颍东区','颍东区',108),(1001,'颍泉区','颍泉区',108),(1002,'临泉县','临泉县',108),(1003,'太和县','太和县',108),(1004,'阜南县','阜南县',108),(1005,'颍上县','颍上县',108),(1006,'界首市','界首市',108),(1007,'埇桥区','埇桥区',109),(1008,'砀山县','砀山县',109),(1009,'萧县','萧县',109),(1011,'泗县','泗县',109),(1012,'居巢区','居巢区',110),(1013,'庐江县','庐江县',110),(1014,'无为县','无为县',110),(1015,'含山县','含山县',110),(1016,'和县','和县',110),(1017,'金安区','金安区',111),(1018,'裕安区','裕安区',111),(1019,'寿县','寿县',111),(1020,'霍邱县','霍邱县',111),(1021,'舒城县','舒城县',111),(1022,'金寨县','金寨县',111),(1023,'霍山县','霍山县',111),(1024,'谯城区','谯城区',112),(1025,'涡阳县','涡阳县',112),(1026,'蒙城县','蒙城县',112),(1027,'利辛县','利辛县',112),(1028,'贵池区','贵池区',113),(1029,'东至县','东至县',113),(1030,'石台县','石台县',113),(1031,'青阳县','青阳县',113),(1032,'宣州区','宣州区',114),(1033,'郎溪县','郎溪县',114),(1034,'广德县','广德县',114),(1035,'泾县','泾县',114),(1036,'绩溪县','绩溪县',114),(1037,'旌德县','旌德县',114),(1038,'宁国市','宁国市',114),(1039,'鼓楼区','鼓楼区',115),(1040,'台江区','台江区',115),(1041,'仓山区','仓山区',115),(1042,'马尾区','马尾区',115),(1043,'晋安区','晋安区',115),(1044,'闽侯县','闽侯县',115),(1045,'连江县','连江县',115),(1046,'罗源县','罗源县',115),(1047,'闽清县','闽清县',115),(1048,'永泰县','永泰县',115),(1049,'平潭县','平潭县',115),(1050,'福清市','福清市',115),(1051,'长乐市','长乐市',115),(1052,'思明区','思明区',116),(1053,'海沧区','海沧区',116),(1054,'湖里区','湖里区',116),(1055,'集美区','集美区',116),(1056,'同安区','同安区',116),(1057,'翔安区','翔安区',116),(1058,'城厢区','城厢区',117),(1059,'涵江区','涵江区',117),(1060,'荔城区','荔城区',117),(1061,'秀屿区','秀屿区',117),(1062,'仙游县','仙游县',117),(1063,'梅列区','梅列区',118),(1064,'三元区','三元区',118),(1065,'明溪县','明溪县',118),(1066,'清流县','清流县',118),(1067,'宁化县','宁化县',118),(1068,'大田县','大田县',118),(1069,'尤溪县','尤溪县',118),(1070,'沙县','沙县',118),(1071,'将乐县','将乐县',118),(1072,'泰宁县','泰宁县',118),(1073,'建宁县','建宁县',118),(1074,'永安市','永安市',118),(1075,'鲤城区','鲤城区',119),(1076,'丰泽区','丰泽区',119),(1077,'洛江区','洛江区',119),(1078,'泉港区','泉港区',119),(1079,'惠安县','惠安县',119),(1080,'安溪县','安溪县',119),(1081,'永春县','永春县',119),(1082,'德化县','德化县',119),(1083,'金门县','金门县',119),(1084,'石狮市','石狮市',119),(1085,'晋江市','晋江市',119),(1086,'南安市','南安市',119),(1087,'芗城区','芗城区',120),(1088,'龙文区','龙文区',120),(1089,'云霄县','云霄县',120),(1090,'漳浦县','漳浦县',120),(1091,'诏安县','诏安县',120),(1092,'长泰县','长泰县',120),(1093,'东山县','东山县',120),(1094,'南靖县','南靖县',120),(1095,'平和县','平和县',120),(1096,'华安县','华安县',120),(1097,'龙海市','龙海市',120),(1098,'延平区','延平区',121),(1099,'顺昌县','顺昌县',121),(1100,'浦城县','浦城县',121),(1101,'光泽县','光泽县',121),(1102,'松溪县','松溪县',121),(1103,'政和县','政和县',121),(1104,'邵武市','邵武市',121),(1105,'武夷山市','武夷山市',121),(1106,'建瓯市','建瓯市',121),(1107,'建阳市','建阳市',121),(1108,'新罗区','新罗区',122),(1109,'长汀县','长汀县',122),(1110,'永定县','永定县',122),(1112,'武平县','武平县',122),(1113,'连城县','连城县',122),(1114,'漳平市','漳平市',122),(1115,'蕉城区','蕉城区',123),(1116,'霞浦县','霞浦县',123),(1117,'古田县','古田县',123),(1118,'屏南县','屏南县',123),(1119,'寿宁县','寿宁县',123),(1120,'周宁县','周宁县',123),(1121,'柘荣县','柘荣县',123),(1122,'福安市','福安市',123),(1123,'福鼎市','福鼎市',123),(1124,'东湖区','东湖区',124),(1125,'西湖区','西湖区',124),(1126,'青云谱区','青云谱区',124),(1127,'湾里区','湾里区',124),(1128,'青山湖区','青山湖区',124),(1129,'南昌县','南昌县',124),(1130,'新建县','新建县',124),(1131,'安义县','安义县',124),(1132,'进贤县','进贤县',124),(1133,'昌江区','昌江区',125),(1134,'珠山区','珠山区',125),(1135,'浮梁县','浮梁县',125),(1136,'乐平市','乐平市',125),(1137,'安源区','安源区',126),(1138,'湘东区','湘东区',126),(1139,'莲花县','莲花县',126),(1140,'上栗县','上栗县',126),(1141,'芦溪县','芦溪县',126),(1142,'庐山区','庐山区',127),(1143,'浔阳区','浔阳区',127),(1144,'九江县','九江县',127),(1145,'武宁县','武宁县',127),(1146,'修水县','修水县',127),(1147,'永修县','永修县',127),(1148,'德安县','德安县',127),(1149,'星子县','星子县',127),(1150,'都昌县','都昌县',127),(1151,'湖口县','湖口县',127),(1152,'彭泽县','彭泽县',127),(1153,'瑞昌市','瑞昌市',127),(1154,'渝水区','渝水区',128),(1155,'分宜县','分宜县',128),(1156,'月湖区','月湖区',129),(1157,'余江县','余江县',129),(1158,'贵溪市','贵溪市',129),(1159,'章贡区','章贡区',130),(1160,'赣县','赣县',130),(1161,'信丰县','信丰县',130),(1162,'大余县','大余县',130),(1163,'上犹县','上犹县',130),(1164,'崇义县','崇义县',130),(1165,'安远县','安远县',130),(1166,'龙南县','龙南县',130),(1167,'定南县','定南县',130),(1168,'全南县','全南县',130),(1169,'宁都县','宁都县',130),(1170,'于都县','于都县',130),(1171,'兴国县','兴国县',130),(1172,'会昌县','会昌县',130),(1173,'寻乌县','寻乌县',130),(1174,'石城县','石城县',130),(1175,'瑞金市','瑞金市',130),(1176,'南康市','南康市',130),(1177,'吉州区','吉州区',131),(1178,'青原区','青原区',131),(1179,'吉安县','吉安县',131),(1180,'吉水县','吉水县',131),(1181,'峡江县','峡江县',131),(1182,'新干县','新干县',131),(1183,'永丰县','永丰县',131),(1184,'泰和县','泰和县',131),(1185,'遂川县','遂川县',131),(1186,'万安县','万安县',131),(1187,'安福县','安福县',131),(1188,'永新县','永新县',131),(1189,'井冈山市','井冈山市',131),(1190,'袁州区','袁州区',132),(1191,'奉新县','奉新县',132),(1192,'万载县','万载县',132),(1193,'上高县','上高县',132),(1194,'宜丰县','宜丰县',132),(1195,'靖安县','靖安县',132),(1196,'铜鼓县','铜鼓县',132),(1197,'丰城市','丰城市',132),(1198,'樟树市','樟树市',132),(1199,'高安市','高安市',132),(1200,'临川区','临川区',133),(1201,'南城县','南城县',133),(1202,'黎川县','黎川县',133),(1203,'南丰县','南丰县',133),(1204,'崇仁县','崇仁县',133),(1205,'乐安县','乐安县',133),(1206,'宜黄县','宜黄县',133),(1207,'金溪县','金溪县',133),(1208,'资溪县','资溪县',133),(1209,'东乡县','东乡县',133),(1210,'广昌县','广昌县',133),(1211,'信州区','信州区',134),(1213,'广丰县','广丰县',134),(1214,'玉山县','玉山县',134),(1215,'铅山县','铅山县',134),(1216,'横峰县','横峰县',134),(1217,'弋阳县','弋阳县',134),(1218,'余干县','余干县',134),(1219,'鄱阳县','鄱阳县',134),(1220,'万年县','万年县',134),(1221,'婺源县','婺源县',134),(1222,'德兴市','德兴市',134),(1223,'历下区','历下区',135),(1224,'市中区','市中区',135),(1225,'槐荫区','槐荫区',135),(1226,'天桥区','天桥区',135),(1227,'历城区','历城区',135),(1228,'长清区','长清区',135),(1229,'平阴县','平阴县',135),(1230,'济阳县','济阳县',135),(1231,'商河县','商河县',135),(1232,'章丘市','章丘市',135),(1233,'市南区','市南区',136),(1234,'市北区','市北区',136),(1235,'四方区','四方区',136),(1236,'黄岛区','黄岛区',136),(1237,'崂山区','崂山区',136),(1238,'李沧区','李沧区',136),(1239,'城阳区','城阳区',136),(1240,'胶州市','胶州市',136),(1241,'即墨市','即墨市',136),(1242,'平度市','平度市',136),(1243,'胶南市','胶南市',136),(1244,'莱西市','莱西市',136),(1245,'淄川区','淄川区',137),(1246,'张店区','张店区',137),(1247,'博山区','博山区',137),(1248,'临淄区','临淄区',137),(1249,'周村区','周村区',137),(1250,'桓台县','桓台县',137),(1251,'高青县','高青县',137),(1252,'沂源县','沂源县',137),(1253,'市中区','市中区',138),(1254,'薛城区','薛城区',138),(1255,'峄城区','峄城区',138),(1256,'台儿庄区','台儿庄区',138),(1257,'山亭区','山亭区',138),(1258,'滕州市','滕州市',138),(1259,'东营区','东营区',139),(1260,'河口区','河口区',139),(1261,'垦利县','垦利县',139),(1262,'利津县','利津县',139),(1263,'广饶县','广饶县',139),(1264,'芝罘区','芝罘区',140),(1265,'福山区','福山区',140),(1266,'牟平区','牟平区',140),(1267,'莱山区','莱山区',140),(1268,'长岛县','长岛县',140),(1269,'龙口市','龙口市',140),(1270,'莱阳市','莱阳市',140),(1271,'莱州市','莱州市',140),(1272,'蓬莱市','蓬莱市',140),(1273,'招远市','招远市',140),(1274,'栖霞市','栖霞市',140),(1275,'海阳市','海阳市',140),(1276,'潍城区','潍城区',141),(1277,'寒亭区','寒亭区',141),(1278,'坊子区','坊子区',141),(1279,'奎文区','奎文区',141),(1280,'临朐县','临朐县',141),(1281,'昌乐县','昌乐县',141),(1282,'青州市','青州市',141),(1283,'诸城市','诸城市',141),(1284,'寿光市','寿光市',141),(1285,'安丘市','安丘市',141),(1286,'高密市','高密市',141),(1287,'昌邑市','昌邑市',141),(1288,'市中区','市中区',142),(1289,'任城区','任城区',142),(1290,'微山县','微山县',142),(1291,'鱼台县','鱼台县',142),(1292,'金乡县','金乡县',142),(1293,'嘉祥县','嘉祥县',142),(1294,'汶上县','汶上县',142),(1295,'泗水县','泗水县',142),(1296,'梁山县','梁山县',142),(1297,'曲阜市','曲阜市',142),(1298,'兖州市','兖州市',142),(1299,'邹城市','邹城市',142),(1300,'泰山区','泰山区',143),(1301,'岱岳区','岱岳区',143),(1302,'宁阳县','宁阳县',143),(1303,'东平县','东平县',143),(1304,'新泰市','新泰市',143),(1305,'肥城市','肥城市',143),(1306,'环翠区','环翠区',144),(1307,'文登市','文登市',144),(1308,'荣成市','荣成市',144),(1309,'乳山市','乳山市',144),(1310,'东港区','东港区',145),(1311,'岚山区','岚山区',145),(1312,'五莲县','五莲县',145),(1314,'莱城区','莱城区',146),(1315,'钢城区','钢城区',146),(1316,'兰山区','兰山区',147),(1317,'罗庄区','罗庄区',147),(1318,'河东区','河东区',147),(1319,'沂南县','沂南县',147),(1320,'郯城县','郯城县',147),(1321,'沂水县','沂水县',147),(1322,'苍山县','苍山县',147),(1323,'费县','费县',147),(1324,'平邑县','平邑县',147),(1325,'莒南县','莒南县',147),(1326,'蒙阴县','蒙阴县',147),(1327,'临沭县','临沭县',147),(1328,'德城区','德城区',148),(1329,'陵县','陵县',148),(1330,'宁津县','宁津县',148),(1331,'庆云县','庆云县',148),(1332,'临邑县','临邑县',148),(1333,'齐河县','齐河县',148),(1334,'平原县','平原县',148),(1335,'夏津县','夏津县',148),(1336,'武城县','武城县',148),(1337,'乐陵市','乐陵市',148),(1338,'禹城市','禹城市',148),(1339,'东昌府区','东昌府区',149),(1340,'阳谷县','阳谷县',149),(1341,'莘县','莘县',149),(1342,'茌平县','茌平县',149),(1343,'东阿县','东阿县',149),(1344,'冠县','冠县',149),(1345,'高唐县','高唐县',149),(1346,'临清市','临清市',149),(1347,'滨城区','滨城区',150),(1348,'惠民县','惠民县',150),(1349,'阳信县','阳信县',150),(1350,'无棣县','无棣县',150),(1351,'沾化县','沾化县',150),(1352,'博兴县','博兴县',150),(1353,'邹平县','邹平县',150),(1354,'牡丹区','牡丹区',151),(1355,'曹县','曹县',151),(1356,'单县','单县',151),(1357,'成武县','成武县',151),(1358,'巨野县','巨野县',151),(1359,'郓城县','郓城县',151),(1360,'鄄城县','鄄城县',151),(1361,'定陶县','定陶县',151),(1362,'东明县','东明县',151),(1363,'中原区','中原区',152),(1364,'二七区','二七区',152),(1365,'管城回族区','管城回族区',152),(1366,'金水区','金水区',152),(1367,'上街区','上街区',152),(1368,'惠济区','惠济区',152),(1369,'中牟县','中牟县',152),(1370,'巩义市','巩义市',152),(1371,'荥阳市','荥阳市',152),(1372,'新密市','新密市',152),(1373,'新郑市','新郑市',152),(1374,'登封市','登封市',152),(1375,'龙亭区','龙亭区',153),(1376,'顺河回族区','顺河回族区',153),(1377,'鼓楼区','鼓楼区',153),(1378,'南关区','南关区',153),(1379,'郊区','郊区',153),(1380,'杞县','杞县',153),(1381,'通许县','通许县',153),(1382,'尉氏县','尉氏县',153),(1383,'开封县','开封县',153),(1384,'兰考县','兰考县',153),(1385,'老城区','老城区',154),(1386,'西工区','西工区',154),(1387,'廛河回族区','廛河回族区',154),(1388,'涧西区','涧西区',154),(1389,'吉利区','吉利区',154),(1390,'洛龙区','洛龙区',154),(1391,'孟津县','孟津县',154),(1392,'新安县','新安县',154),(1393,'栾川县','栾川县',154),(1394,'嵩县','嵩县',154),(1395,'汝阳县','汝阳县',154),(1396,'宜阳县','宜阳县',154),(1397,'洛宁县','洛宁县',154),(1398,'伊川县','伊川县',154),(1399,'偃师市','偃师市',154),(1400,'新华区','新华区',155),(1401,'卫东区','卫东区',155),(1402,'石龙区','石龙区',155),(1403,'湛河区','湛河区',155),(1404,'宝丰县','宝丰县',155),(1405,'叶县','叶县',155),(1406,'鲁山县','鲁山县',155),(1407,'郏县','郏县',155),(1408,'舞钢市','舞钢市',155),(1409,'汝州市','汝州市',155),(1410,'文峰区','文峰区',156),(1411,'北关区','北关区',156),(1412,'殷都区','殷都区',156),(1413,'龙安区','龙安区',156),(1415,'汤阴县','汤阴县',156),(1416,'滑县','滑县',156),(1417,'内黄县','内黄县',156),(1418,'林州市','林州市',156),(1419,'鹤山区','鹤山区',157),(1420,'山城区','山城区',157),(1421,'淇滨区','淇滨区',157),(1422,'浚县','浚县',157),(1423,'淇县','淇县',157),(1424,'红旗区','红旗区',158),(1425,'卫滨区','卫滨区',158),(1426,'凤泉区','凤泉区',158),(1427,'牧野区','牧野区',158),(1428,'新乡县','新乡县',158),(1429,'获嘉县','获嘉县',158),(1430,'原阳县','原阳县',158),(1431,'延津县','延津县',158),(1432,'封丘县','封丘县',158),(1433,'长垣县','长垣县',158),(1434,'卫辉市','卫辉市',158),(1435,'辉县市','辉县市',158),(1436,'解放区','解放区',159),(1437,'中站区','中站区',159),(1438,'马村区','马村区',159),(1439,'山阳区','山阳区',159),(1440,'修武县','修武县',159),(1441,'博爱县','博爱县',159),(1442,'武陟县','武陟县',159),(1443,'温县','温县',159),(1444,'济源市','济源市',159),(1445,'沁阳市','沁阳市',159),(1446,'孟州市','孟州市',159),(1447,'华龙区','华龙区',160),(1448,'清丰县','清丰县',160),(1449,'南乐县','南乐县',160),(1450,'范县','范县',160),(1451,'台前县','台前县',160),(1452,'濮阳县','濮阳县',160),(1453,'魏都区','魏都区',161),(1454,'许昌县','许昌县',161),(1455,'鄢陵县','鄢陵县',161),(1456,'襄城县','襄城县',161),(1457,'禹州市','禹州市',161),(1458,'长葛市','长葛市',161),(1459,'源汇区','源汇区',162),(1460,'郾城区','郾城区',162),(1461,'召陵区','召陵区',162),(1462,'舞阳县','舞阳县',162),(1463,'临颍县','临颍县',162),(1464,'市辖区','市辖区',163),(1465,'湖滨区','湖滨区',163),(1466,'渑池县','渑池县',163),(1467,'陕县','陕县',163),(1468,'卢氏县','卢氏县',163),(1469,'义马市','义马市',163),(1470,'灵宝市','灵宝市',163),(1471,'宛城区','宛城区',164),(1472,'卧龙区','卧龙区',164),(1473,'南召县','南召县',164),(1474,'方城县','方城县',164),(1475,'西峡县','西峡县',164),(1476,'镇平县','镇平县',164),(1477,'内乡县','内乡县',164),(1478,'淅川县','淅川县',164),(1479,'社旗县','社旗县',164),(1480,'唐河县','唐河县',164),(1481,'新野县','新野县',164),(1482,'桐柏县','桐柏县',164),(1483,'邓州市','邓州市',164),(1484,'梁园区','梁园区',165),(1485,'睢阳区','睢阳区',165),(1486,'民权县','民权县',165),(1487,'睢县','睢县',165),(1488,'宁陵县','宁陵县',165),(1489,'柘城县','柘城县',165),(1490,'虞城县','虞城县',165),(1491,'夏邑县','夏邑县',165),(1492,'永城市','永城市',165),(1493,'浉河区','浉河区',166),(1494,'平桥区','平桥区',166),(1495,'罗山县','罗山县',166),(1496,'光山县','光山县',166),(1497,'新县','新县',166),(1498,'商城县','商城县',166),(1499,'固始县','固始县',166),(1500,'潢川县','潢川县',166),(1501,'淮滨县','淮滨县',166),(1502,'息县','息县',166),(1503,'川汇区','川汇区',167),(1504,'扶沟县','扶沟县',167),(1505,'西华县','西华县',167),(1506,'商水县','商水县',167),(1507,'沈丘县','沈丘县',167),(1508,'郸城县','郸城县',167),(1509,'淮阳县','淮阳县',167),(1510,'太康县','太康县',167),(1511,'鹿邑县','鹿邑县',167),(1512,'项城市','项城市',167),(1513,'驿城区','驿城区',168),(1514,'西平县','西平县',168),(1516,'平舆县','平舆县',168),(1517,'正阳县','正阳县',168),(1518,'确山县','确山县',168),(1519,'泌阳县','泌阳县',168),(1520,'汝南县','汝南县',168),(1521,'遂平县','遂平县',168),(1522,'新蔡县','新蔡县',168),(1523,'江岸区','江岸区',169),(1524,'江汉区','江汉区',169),(1525,'硚口区','硚口区',169),(1526,'汉阳区','汉阳区',169),(1527,'武昌区','武昌区',169),(1528,'青山区','青山区',169),(1529,'洪山区','洪山区',169),(1530,'东西湖区','东西湖区',169),(1531,'汉南区','汉南区',169),(1532,'蔡甸区','蔡甸区',169),(1533,'江夏区','江夏区',169),(1534,'黄陂区','黄陂区',169),(1535,'新洲区','新洲区',169),(1536,'黄石港区','黄石港区',170),(1537,'西塞山区','西塞山区',170),(1538,'下陆区','下陆区',170),(1539,'铁山区','铁山区',170),(1540,'阳新县','阳新县',170),(1541,'大冶市','大冶市',170),(1542,'茅箭区','茅箭区',171),(1543,'张湾区','张湾区',171),(1544,'郧县','郧县',171),(1545,'郧西县','郧西县',171),(1546,'竹山县','竹山县',171),(1547,'竹溪县','竹溪县',171),(1548,'房县','房县',171),(1549,'丹江口市','丹江口市',171),(1550,'西陵区','西陵区',172),(1551,'伍家岗区','伍家岗区',172),(1552,'点军区','点军区',172),(1553,'猇亭区','猇亭区',172),(1554,'夷陵区','夷陵区',172),(1555,'远安县','远安县',172),(1556,'兴山县','兴山县',172),(1557,'秭归县','秭归县',172),(1558,'长阳土家族自治县','长阳土家族自治县',172),(1559,'五峰土家族自治县','五峰土家族自治县',172),(1560,'宜都市','宜都市',172),(1561,'当阳市','当阳市',172),(1562,'枝江市','枝江市',172),(1563,'襄城区','襄城区',173),(1564,'樊城区','樊城区',173),(1565,'襄阳区','襄阳区',173),(1566,'南漳县','南漳县',173),(1567,'谷城县','谷城县',173),(1568,'保康县','保康县',173),(1569,'老河口市','老河口市',173),(1570,'枣阳市','枣阳市',173),(1571,'宜城市','宜城市',173),(1572,'梁子湖区','梁子湖区',174),(1573,'华容区','华容区',174),(1574,'鄂城区','鄂城区',174),(1575,'东宝区','东宝区',175),(1576,'掇刀区','掇刀区',175),(1577,'京山县','京山县',175),(1578,'沙洋县','沙洋县',175),(1579,'钟祥市','钟祥市',175),(1580,'孝南区','孝南区',176),(1581,'孝昌县','孝昌县',176),(1582,'大悟县','大悟县',176),(1583,'云梦县','云梦县',176),(1584,'应城市','应城市',176),(1585,'安陆市','安陆市',176),(1586,'汉川市','汉川市',176),(1587,'沙市区','沙市区',177),(1588,'荆州区','荆州区',177),(1589,'公安县','公安县',177),(1590,'监利县','监利县',177),(1591,'江陵县','江陵县',177),(1592,'石首市','石首市',177),(1593,'洪湖市','洪湖市',177),(1594,'松滋市','松滋市',177),(1595,'黄州区','黄州区',178),(1596,'团风县','团风县',178),(1597,'红安县','红安县',178),(1598,'罗田县','罗田县',178),(1599,'英山县','英山县',178),(1600,'浠水县','浠水县',178),(1601,'蕲春县','蕲春县',178),(1602,'黄梅县','黄梅县',178),(1603,'麻城市','麻城市',178),(1604,'武穴市','武穴市',178),(1605,'咸安区','咸安区',179),(1606,'嘉鱼县','嘉鱼县',179),(1607,'通城县','通城县',179),(1608,'崇阳县','崇阳县',179),(1609,'通山县','通山县',179),(1610,'赤壁市','赤壁市',179),(1611,'曾都区','曾都区',180),(1612,'广水市','广水市',180),(1613,'恩施市','恩施市',181),(1614,'利川市','利川市',181),(1615,'建始县','建始县',181),(1617,'宣恩县','宣恩县',181),(1618,'咸丰县','咸丰县',181),(1619,'来凤县','来凤县',181),(1620,'鹤峰县','鹤峰县',181),(1621,'仙桃市','仙桃市',182),(1622,'潜江市','潜江市',182),(1623,'天门市','天门市',182),(1624,'神农架林区','神农架林区',182),(1625,'芙蓉区','芙蓉区',183),(1626,'天心区','天心区',183),(1627,'岳麓区','岳麓区',183),(1628,'开福区','开福区',183),(1629,'雨花区','雨花区',183),(1630,'长沙县','长沙县',183),(1631,'望城县','望城县',183),(1632,'宁乡县','宁乡县',183),(1633,'浏阳市','浏阳市',183),(1634,'荷塘区','荷塘区',184),(1635,'芦淞区','芦淞区',184),(1636,'石峰区','石峰区',184),(1637,'天元区','天元区',184),(1638,'株洲县','株洲县',184),(1639,'攸县','攸县',184),(1640,'茶陵县','茶陵县',184),(1641,'炎陵县','炎陵县',184),(1642,'醴陵市','醴陵市',184),(1643,'雨湖区','雨湖区',185),(1644,'岳塘区','岳塘区',185),(1645,'湘潭县','湘潭县',185),(1646,'湘乡市','湘乡市',185),(1647,'韶山市','韶山市',185),(1648,'珠晖区','珠晖区',186),(1649,'雁峰区','雁峰区',186),(1650,'石鼓区','石鼓区',186),(1651,'蒸湘区','蒸湘区',186),(1652,'南岳区','南岳区',186),(1653,'衡阳县','衡阳县',186),(1654,'衡南县','衡南县',186),(1655,'衡山县','衡山县',186),(1656,'衡东县','衡东县',186),(1657,'祁东县','祁东县',186),(1658,'耒阳市','耒阳市',186),(1659,'常宁市','常宁市',186),(1660,'双清区','双清区',187),(1661,'大祥区','大祥区',187),(1662,'北塔区','北塔区',187),(1663,'邵东县','邵东县',187),(1664,'新邵县','新邵县',187),(1665,'邵阳县','邵阳县',187),(1666,'隆回县','隆回县',187),(1667,'洞口县','洞口县',187),(1668,'绥宁县','绥宁县',187),(1669,'新宁县','新宁县',187),(1670,'城步苗族自治县','城步苗族自治县',187),(1671,'武冈市','武冈市',187),(1672,'岳阳楼区','岳阳楼区',188),(1673,'云溪区','云溪区',188),(1674,'君山区','君山区',188),(1675,'岳阳县','岳阳县',188),(1676,'华容县','华容县',188),(1677,'湘阴县','湘阴县',188),(1678,'平江县','平江县',188),(1679,'汨罗市','汨罗市',188),(1680,'临湘市','临湘市',188),(1681,'武陵区','武陵区',189),(1682,'鼎城区','鼎城区',189),(1683,'安乡县','安乡县',189),(1684,'汉寿县','汉寿县',189),(1685,'澧县','澧县',189),(1686,'临澧县','临澧县',189),(1687,'桃源县','桃源县',189),(1688,'石门县','石门县',189),(1689,'津市市','津市市',189),(1690,'永定区','永定区',190),(1691,'武陵源区','武陵源区',190),(1692,'慈利县','慈利县',190),(1693,'桑植县','桑植县',190),(1694,'资阳区','资阳区',191),(1695,'赫山区','赫山区',191),(1696,'南县','南县',191),(1697,'桃江县','桃江县',191),(1698,'安化县','安化县',191),(1699,'沅江市','沅江市',191),(1700,'北湖区','北湖区',192),(1701,'苏仙区','苏仙区',192),(1702,'桂阳县','桂阳县',192),(1703,'宜章县','宜章县',192),(1704,'永兴县','永兴县',192),(1705,'嘉禾县','嘉禾县',192),(1706,'临武县','临武县',192),(1707,'汝城县','汝城县',192),(1708,'桂东县','桂东县',192),(1709,'安仁县','安仁县',192),(1710,'资兴市','资兴市',192),(1711,'芝山区','芝山区',193),(1712,'冷水滩区','冷水滩区',193),(1713,'祁阳县','祁阳县',193),(1714,'东安县','东安县',193),(1715,'双牌县','双牌县',193),(1716,'道县','道县',193),(1718,'宁远县','宁远县',193),(1719,'蓝山县','蓝山县',193),(1720,'新田县','新田县',193),(1721,'江华瑶族自治县','江华瑶族自治县',193),(1722,'鹤城区','鹤城区',194),(1723,'中方县','中方县',194),(1724,'沅陵县','沅陵县',194),(1725,'辰溪县','辰溪县',194),(1726,'溆浦县','溆浦县',194),(1727,'会同县','会同县',194),(1728,'麻阳苗族自治县','麻阳苗族自治县',194),(1729,'新晃侗族自治县','新晃侗族自治县',194),(1730,'芷江侗族自治县','芷江侗族自治县',194),(1731,'靖州苗族侗族自治县','靖州苗族侗族自治县',194),(1732,'通道侗族自治县','通道侗族自治县',194),(1733,'洪江市','洪江市',194),(1734,'娄星区','娄星区',195),(1735,'双峰县','双峰县',195),(1736,'新化县','新化县',195),(1737,'冷水江市','冷水江市',195),(1738,'涟源市','涟源市',195),(1739,'吉首市','吉首市',196),(1740,'泸溪县','泸溪县',196),(1741,'凤凰县','凤凰县',196),(1742,'花垣县','花垣县',196),(1743,'保靖县','保靖县',196),(1744,'古丈县','古丈县',196),(1745,'永顺县','永顺县',196),(1746,'龙山县','龙山县',196),(1747,'东山区','东山区',197),(1748,'荔湾区','荔湾区',197),(1749,'越秀区','越秀区',197),(1750,'海珠区','海珠区',197),(1751,'天河区','天河区',197),(1752,'芳村区','芳村区',197),(1753,'白云区','白云区',197),(1754,'黄埔区','黄埔区',197),(1755,'番禺区','番禺区',197),(1756,'花都区','花都区',197),(1757,'增城市','增城市',197),(1758,'从化市','从化市',197),(1759,'武江区','武江区',198),(1760,'浈江区','浈江区',198),(1761,'曲江区','曲江区',198),(1762,'始兴县','始兴县',198),(1763,'仁化县','仁化县',198),(1764,'翁源县','翁源县',198),(1765,'乳源瑶族自治县','乳源瑶族自治县',198),(1766,'新丰县','新丰县',198),(1767,'乐昌市','乐昌市',198),(1768,'南雄市','南雄市',198),(1769,'罗湖区','罗湖区',199),(1770,'福田区','福田区',199),(1771,'南山区','南山区',199),(1772,'宝安区','宝安区',199),(1773,'龙岗区','龙岗区',199),(1774,'盐田区','盐田区',199),(1775,'香洲区','香洲区',200),(1776,'斗门区','斗门区',200),(1777,'金湾区','金湾区',200),(1778,'龙湖区','龙湖区',201),(1779,'金平区','金平区',201),(1780,'濠江区','濠江区',201),(1781,'潮阳区','潮阳区',201),(1782,'潮南区','潮南区',201),(1783,'澄海区','澄海区',201),(1784,'南澳县','南澳县',201),(1785,'禅城区','禅城区',202),(1786,'南海区','南海区',202),(1787,'顺德区','顺德区',202),(1788,'三水区','三水区',202),(1789,'高明区','高明区',202),(1790,'蓬江区','蓬江区',203),(1791,'江海区','江海区',203),(1792,'新会区','新会区',203),(1793,'台山市','台山市',203),(1794,'开平市','开平市',203),(1795,'鹤山市','鹤山市',203),(1796,'恩平市','恩平市',203),(1797,'赤坎区','赤坎区',204),(1798,'霞山区','霞山区',204),(1799,'坡头区','坡头区',204),(1800,'麻章区','麻章区',204),(1801,'遂溪县','遂溪县',204),(1802,'徐闻县','徐闻县',204),(1803,'廉江市','廉江市',204),(1804,'雷州市','雷州市',204),(1805,'吴川市','吴川市',204),(1806,'茂南区','茂南区',205),(1807,'茂港区','茂港区',205),(1808,'电白县','电白县',205),(1809,'高州市','高州市',205),(1810,'化州市','化州市',205),(1811,'信宜市','信宜市',205),(1812,'端州区','端州区',206),(1813,'鼎湖区','鼎湖区',206),(1814,'广宁县','广宁县',206),(1815,'怀集县','怀集县',206),(1816,'封开县','封开县',206),(1817,'德庆县','德庆县',206),(1819,'四会市','四会市',206),(1820,'惠城区','惠城区',207),(1821,'惠阳区','惠阳区',207),(1822,'博罗县','博罗县',207),(1823,'惠东县','惠东县',207),(1824,'龙门县','龙门县',207),(1825,'梅江区','梅江区',208),(1826,'梅县','梅县',208),(1827,'大埔县','大埔县',208),(1828,'丰顺县','丰顺县',208),(1829,'五华县','五华县',208),(1830,'平远县','平远县',208),(1831,'蕉岭县','蕉岭县',208),(1832,'兴宁市','兴宁市',208),(1833,'城区','城区',209),(1834,'海丰县','海丰县',209),(1835,'陆河县','陆河县',209),(1836,'陆丰市','陆丰市',209),(1837,'源城区','源城区',210),(1838,'紫金县','紫金县',210),(1839,'龙川县','龙川县',210),(1840,'连平县','连平县',210),(1841,'和平县','和平县',210),(1842,'东源县','东源县',210),(1843,'江城区','江城区',211),(1844,'阳西县','阳西县',211),(1845,'阳东县','阳东县',211),(1846,'阳春市','阳春市',211),(1847,'清城区','清城区',212),(1848,'佛冈县','佛冈县',212),(1849,'阳山县','阳山县',212),(1850,'连山壮族瑶族自治县','连山壮族瑶族自治县',212),(1851,'连南瑶族自治县','连南瑶族自治县',212),(1852,'清新县','清新县',212),(1853,'英德市','英德市',212),(1854,'连州市','连州市',212),(1855,'湘桥区','湘桥区',215),(1856,'潮安县','潮安县',215),(1857,'饶平县','饶平县',215),(1858,'榕城区','榕城区',216),(1859,'揭东县','揭东县',216),(1860,'揭西县','揭西县',216),(1861,'惠来县','惠来县',216),(1862,'普宁市','普宁市',216),(1863,'云城区','云城区',217),(1864,'新兴县','新兴县',217),(1865,'郁南县','郁南县',217),(1866,'云安县','云安县',217),(1867,'罗定市','罗定市',217),(1868,'兴宁区','兴宁区',218),(1869,'青秀区','青秀区',218),(1870,'江南区','江南区',218),(1871,'西乡塘区','西乡塘区',218),(1872,'良庆区','良庆区',218),(1873,'邕宁区','邕宁区',218),(1874,'武鸣县','武鸣县',218),(1875,'隆安县','隆安县',218),(1876,'马山县','马山县',218),(1877,'上林县','上林县',218),(1878,'宾阳县','宾阳县',218),(1879,'横县','横县',218),(1880,'城中区','城中区',219),(1881,'鱼峰区','鱼峰区',219),(1882,'柳南区','柳南区',219),(1883,'柳北区','柳北区',219),(1884,'柳江县','柳江县',219),(1885,'柳城县','柳城县',219),(1886,'鹿寨县','鹿寨县',219),(1887,'融安县','融安县',219),(1888,'融水苗族自治县','融水苗族自治县',219),(1889,'三江侗族自治县','三江侗族自治县',219),(1890,'秀峰区','秀峰区',220),(1891,'叠彩区','叠彩区',220),(1892,'象山区','象山区',220),(1893,'七星区','七星区',220),(1894,'雁山区','雁山区',220),(1895,'阳朔县','阳朔县',220),(1896,'临桂县','临桂县',220),(1897,'灵川县','灵川县',220),(1898,'全州县','全州县',220),(1899,'兴安县','兴安县',220),(1900,'永福县','永福县',220),(1901,'灌阳县','灌阳县',220),(1902,'龙胜各族自治县','龙胜各族自治县',220),(1903,'资源县','资源县',220),(1904,'平乐县','平乐县',220),(1905,'荔蒲县','荔蒲县',220),(1906,'恭城瑶族自治县','恭城瑶族自治县',220),(1907,'万秀区','万秀区',221),(1908,'蝶山区','蝶山区',221),(1909,'长洲区','长洲区',221),(1910,'苍梧县','苍梧县',221),(1911,'藤县','藤县',221),(1912,'蒙山县','蒙山县',221),(1913,'岑溪市','岑溪市',221),(1914,'海城区','海城区',222),(1915,'银海区','银海区',222),(1916,'铁山港区','铁山港区',222),(1917,'合浦县','合浦县',222),(1918,'港口区','港口区',223),(1920,'上思县','上思县',223),(1921,'东兴市','东兴市',223),(1922,'钦南区','钦南区',224),(1923,'钦北区','钦北区',224),(1924,'灵山县','灵山县',224),(1925,'浦北县','浦北县',224),(1926,'港北区','港北区',225),(1927,'港南区','港南区',225),(1928,'覃塘区','覃塘区',225),(1929,'平南县','平南县',225),(1930,'桂平市','桂平市',225),(1931,'玉州区','玉州区',226),(1932,'容县','容县',226),(1933,'陆川县','陆川县',226),(1934,'博白县','博白县',226),(1935,'兴业县','兴业县',226),(1936,'北流市','北流市',226),(1937,'右江区','右江区',227),(1938,'田阳县','田阳县',227),(1939,'田东县','田东县',227),(1940,'平果县','平果县',227),(1941,'德保县','德保县',227),(1942,'靖西县','靖西县',227),(1943,'那坡县','那坡县',227),(1944,'凌云县','凌云县',227),(1945,'乐业县','乐业县',227),(1946,'田林县','田林县',227),(1947,'西林县','西林县',227),(1948,'隆林各族自治县','隆林各族自治县',227),(1949,'八步区','八步区',228),(1950,'昭平县','昭平县',228),(1951,'钟山县','钟山县',228),(1952,'富川瑶族自治县','富川瑶族自治县',228),(1953,'金城江区','金城江区',229),(1954,'南丹县','南丹县',229),(1955,'天峨县','天峨县',229),(1956,'凤山县','凤山县',229),(1957,'东兰县','东兰县',229),(1958,'罗城仫佬族自治县','罗城仫佬族自治县',229),(1959,'环江毛南族自治县','环江毛南族自治县',229),(1960,'巴马瑶族自治县','巴马瑶族自治县',229),(1961,'都安瑶族自治县','都安瑶族自治县',229),(1962,'大化瑶族自治县','大化瑶族自治县',229),(1963,'宜州市','宜州市',229),(1964,'兴宾区','兴宾区',230),(1965,'忻城县','忻城县',230),(1966,'象州县','象州县',230),(1967,'武宣县','武宣县',230),(1968,'金秀瑶族自治县','金秀瑶族自治县',230),(1969,'合山市','合山市',230),(1970,'江洲区','江洲区',231),(1971,'扶绥县','扶绥县',231),(1972,'宁明县','宁明县',231),(1973,'龙州县','龙州县',231),(1974,'大新县','大新县',231),(1975,'天等县','天等县',231),(1976,'凭祥市','凭祥市',231),(1977,'秀英区','秀英区',232),(1978,'龙华区','龙华区',232),(1979,'琼山区','琼山区',232),(1980,'美兰区','美兰区',232),(1981,'五指山市','五指山市',233),(1982,'琼海市','琼海市',233),(1983,'儋州市','儋州市',233),(1984,'文昌市','文昌市',233),(1985,'万宁市','万宁市',233),(1986,'东方市','东方市',233),(1987,'定安县','定安县',233),(1988,'屯昌县','屯昌县',233),(1989,'澄迈县','澄迈县',233),(1990,'临高县','临高县',233),(1991,'白沙黎族自治县','白沙黎族自治县',233),(1992,'昌江黎族自治县','昌江黎族自治县',233),(1993,'乐东黎族自治县','乐东黎族自治县',233),(1994,'陵水黎族自治县','陵水黎族自治县',233),(1995,'保亭黎族苗族自治县','保亭黎族苗族自治县',233),(1996,'琼中黎族苗族自治县','琼中黎族苗族自治县',233),(1997,'西沙群岛','西沙群岛',233),(1998,'南沙群岛','南沙群岛',233),(1999,'中沙群岛的岛礁及其海域','中沙群岛的岛礁及其海域',233),(2000,'万州区','万州区',234),(2001,'涪陵区','涪陵区',234),(2002,'渝中区','渝中区',234),(2003,'大渡口区','大渡口区',234),(2004,'江北区','江北区',234),(2005,'沙坪坝区','沙坪坝区',234),(2006,'九龙坡区','九龙坡区',234),(2007,'南岸区','南岸区',234),(2008,'北碚区','北碚区',234),(2009,'万盛区','万盛区',234),(2010,'双桥区','双桥区',234),(2011,'渝北区','渝北区',234),(2012,'巴南区','巴南区',234),(2013,'黔江区','黔江区',234),(2014,'长寿区','长寿区',234),(2015,'綦江县','綦江县',234),(2016,'潼南县','潼南县',234),(2017,'铜梁县','铜梁县',234),(2018,'大足县','大足县',234),(2019,'荣昌县','荣昌县',234),(2021,'梁平县','梁平县',234),(2022,'城口县','城口县',234),(2023,'丰都县','丰都县',234),(2024,'垫江县','垫江县',234),(2025,'武隆县','武隆县',234),(2026,'忠县','忠县',234),(2027,'开县','开县',234),(2028,'云阳县','云阳县',234),(2029,'奉节县','奉节县',234),(2030,'巫山县','巫山县',234),(2031,'巫溪县','巫溪县',234),(2032,'石柱土家族自治县','石柱土家族自治县',234),(2033,'秀山土家族苗族自治县','秀山土家族苗族自治县',234),(2034,'酉阳土家族苗族自治县','酉阳土家族苗族自治县',234),(2035,'彭水苗族土家族自治县','彭水苗族土家族自治县',234),(2036,'江津市','江津市',234),(2037,'合川市','合川市',234),(2038,'永川市','永川市',234),(2039,'南川市','南川市',234),(2040,'锦江区','锦江区',235),(2041,'青羊区','青羊区',235),(2042,'金牛区','金牛区',235),(2043,'武侯区','武侯区',235),(2044,'成华区','成华区',235),(2045,'龙泉驿区','龙泉驿区',235),(2046,'青白江区','青白江区',235),(2047,'新都区','新都区',235),(2048,'温江区','温江区',235),(2049,'金堂县','金堂县',235),(2050,'双流县','双流县',235),(2051,'郫县','郫县',235),(2052,'大邑县','大邑县',235),(2053,'蒲江县','蒲江县',235),(2054,'新津县','新津县',235),(2055,'都江堰市','都江堰市',235),(2056,'彭州市','彭州市',235),(2057,'邛崃市','邛崃市',235),(2058,'崇州市','崇州市',235),(2059,'自流井区','自流井区',236),(2060,'贡井区','贡井区',236),(2061,'大安区','大安区',236),(2062,'沿滩区','沿滩区',236),(2063,'荣县','荣县',236),(2064,'富顺县','富顺县',236),(2065,'东区','东区',237),(2066,'西区','西区',237),(2067,'仁和区','仁和区',237),(2068,'米易县','米易县',237),(2069,'盐边县','盐边县',237),(2070,'江阳区','江阳区',238),(2071,'纳溪区','纳溪区',238),(2072,'龙马潭区','龙马潭区',238),(2073,'泸县','泸县',238),(2074,'合江县','合江县',238),(2075,'叙永县','叙永县',238),(2076,'古蔺县','古蔺县',238),(2077,'旌阳区','旌阳区',239),(2078,'中江县','中江县',239),(2079,'罗江县','罗江县',239),(2080,'广汉市','广汉市',239),(2081,'什邡市','什邡市',239),(2082,'绵竹市','绵竹市',239),(2083,'涪城区','涪城区',240),(2084,'游仙区','游仙区',240),(2085,'三台县','三台县',240),(2086,'盐亭县','盐亭县',240),(2087,'安县','安县',240),(2088,'梓潼县','梓潼县',240),(2089,'北川羌族自治县','北川羌族自治县',240),(2090,'平武县','平武县',240),(2091,'江油市','江油市',240),(2092,'市中区','市中区',241),(2093,'元坝区','元坝区',241),(2094,'朝天区','朝天区',241),(2095,'旺苍县','旺苍县',241),(2096,'青川县','青川县',241),(2097,'剑阁县','剑阁县',241),(2098,'苍溪县','苍溪县',241),(2099,'船山区','船山区',242),(2100,'安居区','安居区',242),(2101,'蓬溪县','蓬溪县',242),(2102,'射洪县','射洪县',242),(2103,'大英县','大英县',242),(2104,'市中区','市中区',243),(2105,'东兴区','东兴区',243),(2106,'威远县','威远县',243),(2107,'资中县','资中县',243),(2108,'隆昌县','隆昌县',243),(2109,'市中区','市中区',244),(2110,'沙湾区','沙湾区',244),(2111,'五通桥区','五通桥区',244),(2112,'金口河区','金口河区',244),(2113,'犍为县','犍为县',244),(2114,'井研县','井研县',244),(2115,'夹江县','夹江县',244),(2116,'沐川县','沐川县',244),(2117,'峨边彝族自治县','峨边彝族自治县',244),(2118,'马边彝族自治县','马边彝族自治县',244),(2119,'峨眉山市','峨眉山市',244),(2120,'顺庆区','顺庆区',245),(2122,'嘉陵区','嘉陵区',245),(2123,'南部县','南部县',245),(2124,'营山县','营山县',245),(2125,'蓬安县','蓬安县',245),(2126,'仪陇县','仪陇县',245),(2127,'西充县','西充县',245),(2128,'阆中市','阆中市',245),(2129,'东坡区','东坡区',246),(2130,'仁寿县','仁寿县',246),(2131,'彭山县','彭山县',246),(2132,'洪雅县','洪雅县',246),(2133,'丹棱县','丹棱县',246),(2134,'青神县','青神县',246),(2135,'翠屏区','翠屏区',247),(2136,'宜宾县','宜宾县',247),(2137,'南溪县','南溪县',247),(2138,'江安县','江安县',247),(2139,'长宁县','长宁县',247),(2140,'高县','高县',247),(2141,'珙县','珙县',247),(2142,'筠连县','筠连县',247),(2143,'兴文县','兴文县',247),(2144,'屏山县','屏山县',247),(2145,'广安区','广安区',248),(2146,'岳池县','岳池县',248),(2147,'武胜县','武胜县',248),(2148,'邻水县','邻水县',248),(2149,'华蓥市','华蓥市',248),(2150,'通川区','通川区',249),(2151,'达县','达县',249),(2152,'宣汉县','宣汉县',249),(2153,'开江县','开江县',249),(2154,'大竹县','大竹县',249),(2155,'渠县','渠县',249),(2156,'万源市','万源市',249),(2157,'雨城区','雨城区',250),(2158,'名山县','名山县',250),(2159,'荥经县','荥经县',250),(2160,'汉源县','汉源县',250),(2161,'石棉县','石棉县',250),(2162,'天全县','天全县',250),(2163,'芦山县','芦山县',250),(2164,'宝兴县','宝兴县',250),(2165,'巴州区','巴州区',251),(2166,'通江县','通江县',251),(2167,'南江县','南江县',251),(2168,'平昌县','平昌县',251),(2169,'雁江区','雁江区',252),(2170,'安岳县','安岳县',252),(2171,'乐至县','乐至县',252),(2172,'简阳市','简阳市',252),(2173,'汶川县','汶川县',253),(2174,'理县','理县',253),(2175,'茂县','茂县',253),(2176,'松潘县','松潘县',253),(2177,'九寨沟县','九寨沟县',253),(2178,'金川县','金川县',253),(2179,'小金县','小金县',253),(2180,'黑水县','黑水县',253),(2181,'马尔康县','马尔康县',253),(2182,'壤塘县','壤塘县',253),(2183,'阿坝县','阿坝县',253),(2184,'若尔盖县','若尔盖县',253),(2185,'红原县','红原县',253),(2186,'康定县','康定县',254),(2187,'泸定县','泸定县',254),(2188,'丹巴县','丹巴县',254),(2189,'九龙县','九龙县',254),(2190,'雅江县','雅江县',254),(2191,'道孚县','道孚县',254),(2192,'炉霍县','炉霍县',254),(2193,'甘孜县','甘孜县',254),(2194,'新龙县','新龙县',254),(2195,'德格县','德格县',254),(2196,'白玉县','白玉县',254),(2197,'石渠县','石渠县',254),(2198,'色达县','色达县',254),(2199,'理塘县','理塘县',254),(2200,'巴塘县','巴塘县',254),(2201,'乡城县','乡城县',254),(2202,'稻城县','稻城县',254),(2203,'得荣县','得荣县',254),(2204,'西昌市','西昌市',255),(2205,'木里藏族自治县','木里藏族自治县',255),(2206,'盐源县','盐源县',255),(2207,'德昌县','德昌县',255),(2208,'会理县','会理县',255),(2209,'会东县','会东县',255),(2210,'宁南县','宁南县',255),(2211,'普格县','普格县',255),(2212,'布拖县','布拖县',255),(2213,'金阳县','金阳县',255),(2214,'昭觉县','昭觉县',255),(2215,'喜德县','喜德县',255),(2216,'冕宁县','冕宁县',255),(2217,'越西县','越西县',255),(2218,'甘洛县','甘洛县',255),(2219,'美姑县','美姑县',255),(2220,'雷波县','雷波县',255),(2221,'南明区','南明区',256),(2223,'花溪区','花溪区',256),(2224,'乌当区','乌当区',256),(2225,'白云区','白云区',256),(2226,'小河区','小河区',256),(2227,'开阳县','开阳县',256),(2228,'息烽县','息烽县',256),(2229,'修文县','修文县',256),(2230,'清镇市','清镇市',256),(2231,'钟山区','钟山区',257),(2232,'六枝特区','六枝特区',257),(2233,'水城县','水城县',257),(2234,'盘县','盘县',257),(2235,'红花岗区','红花岗区',258),(2236,'汇川区','汇川区',258),(2237,'遵义县','遵义县',258),(2238,'桐梓县','桐梓县',258),(2239,'绥阳县','绥阳县',258),(2240,'正安县','正安县',258),(2241,'道真仡佬族苗族自治县','道真仡佬族苗族自治县',258),(2242,'务川仡佬族苗族自治县','务川仡佬族苗族自治县',258),(2243,'凤冈县','凤冈县',258),(2244,'湄潭县','湄潭县',258),(2245,'余庆县','余庆县',258),(2246,'习水县','习水县',258),(2247,'赤水市','赤水市',258),(2248,'仁怀市','仁怀市',258),(2249,'西秀区','西秀区',259),(2250,'平坝县','平坝县',259),(2251,'普定县','普定县',259),(2252,'镇宁布依族苗族自治县','镇宁布依族苗族自治县',259),(2253,'关岭布依族苗族自治县','关岭布依族苗族自治县',259),(2254,'紫云苗族布依族自治县','紫云苗族布依族自治县',259),(2255,'铜仁市','铜仁市',260),(2256,'江口县','江口县',260),(2257,'玉屏侗族自治县','玉屏侗族自治县',260),(2258,'石阡县','石阡县',260),(2259,'思南县','思南县',260),(2260,'印江土家族苗族自治县','印江土家族苗族自治县',260),(2261,'德江县','德江县',260),(2262,'沿河土家族自治县','沿河土家族自治县',260),(2263,'松桃苗族自治县','松桃苗族自治县',260),(2264,'万山特区','万山特区',260),(2265,'兴义市','兴义市',261),(2266,'兴仁县','兴仁县',261),(2267,'普安县','普安县',261),(2268,'晴隆县','晴隆县',261),(2269,'贞丰县','贞丰县',261),(2270,'望谟县','望谟县',261),(2271,'册亨县','册亨县',261),(2272,'安龙县','安龙县',261),(2273,'毕节市','毕节市',262),(2274,'大方县','大方县',262),(2275,'黔西县','黔西县',262),(2276,'金沙县','金沙县',262),(2277,'织金县','织金县',262),(2278,'纳雍县','纳雍县',262),(2279,'威宁彝族回族苗族自治县','威宁彝族回族苗族自治县',262),(2280,'赫章县','赫章县',262),(2281,'凯里市','凯里市',263),(2282,'黄平县','黄平县',263),(2283,'施秉县','施秉县',263),(2284,'三穗县','三穗县',263),(2285,'镇远县','镇远县',263),(2286,'岑巩县','岑巩县',263),(2287,'天柱县','天柱县',263),(2288,'锦屏县','锦屏县',263),(2289,'剑河县','剑河县',263),(2290,'台江县','台江县',263),(2291,'黎平县','黎平县',263),(2292,'榕江县','榕江县',263),(2293,'从江县','从江县',263),(2294,'雷山县','雷山县',263),(2295,'麻江县','麻江县',263),(2296,'丹寨县','丹寨县',263),(2297,'都匀市','都匀市',264),(2298,'福泉市','福泉市',264),(2299,'荔波县','荔波县',264),(2300,'贵定县','贵定县',264),(2301,'瓮安县','瓮安县',264),(2302,'独山县','独山县',264),(2303,'平塘县','平塘县',264),(2304,'罗甸县','罗甸县',264),(2305,'长顺县','长顺县',264),(2306,'龙里县','龙里县',264),(2307,'惠水县','惠水县',264),(2308,'三都水族自治县','三都水族自治县',264),(2309,'五华区','五华区',265),(2310,'盘龙区','盘龙区',265),(2311,'官渡区','官渡区',265),(2312,'西山区','西山区',265),(2313,'东川区','东川区',265),(2314,'呈贡县','呈贡县',265),(2315,'晋宁县','晋宁县',265),(2316,'富民县','富民县',265),(2317,'宜良县','宜良县',265),(2318,'石林彝族自治县','石林彝族自治县',265),(2319,'嵩明县','嵩明县',265),(2320,'禄劝彝族苗族自治县','禄劝彝族苗族自治县',265),(2321,'寻甸回族彝族自治县','寻甸回族彝族自治县',265),(2322,'安宁市','安宁市',265),(2324,'马龙县','马龙县',266),(2325,'陆良县','陆良县',266),(2326,'师宗县','师宗县',266),(2327,'罗平县','罗平县',266),(2328,'富源县','富源县',266),(2329,'会泽县','会泽县',266),(2330,'沾益县','沾益县',266),(2331,'宣威市','宣威市',266),(2332,'红塔区','红塔区',267),(2333,'江川县','江川县',267),(2334,'澄江县','澄江县',267),(2335,'通海县','通海县',267),(2336,'华宁县','华宁县',267),(2337,'易门县','易门县',267),(2338,'峨山彝族自治县','峨山彝族自治县',267),(2339,'新平彝族傣族自治县','新平彝族傣族自治县',267),(2340,'元江哈尼族彝族傣族自治县','元江哈尼族彝族傣族自治县',267),(2341,'隆阳区','隆阳区',268),(2342,'施甸县','施甸县',268),(2343,'腾冲县','腾冲县',268),(2344,'龙陵县','龙陵县',268),(2345,'昌宁县','昌宁县',268),(2346,'昭阳区','昭阳区',269),(2347,'鲁甸县','鲁甸县',269),(2348,'巧家县','巧家县',269),(2349,'盐津县','盐津县',269),(2350,'大关县','大关县',269),(2351,'永善县','永善县',269),(2352,'绥江县','绥江县',269),(2353,'镇雄县','镇雄县',269),(2354,'彝良县','彝良县',269),(2355,'威信县','威信县',269),(2356,'水富县','水富县',269),(2357,'古城区','古城区',270),(2358,'玉龙纳西族自治县','玉龙纳西族自治县',270),(2359,'永胜县','永胜县',270),(2360,'华坪县','华坪县',270),(2361,'宁蒗彝族自治县','宁蒗彝族自治县',270),(2362,'翠云区','翠云区',271),(2363,'普洱哈尼族彝族自治县','普洱哈尼族彝族自治县',271),(2364,'墨江哈尼族自治县','墨江哈尼族自治县',271),(2365,'景东彝族自治县','景东彝族自治县',271),(2366,'景谷傣族彝族自治县','景谷傣族彝族自治县',271),(2367,'镇沅彝族哈尼族拉祜族自治县','镇沅彝族哈尼族拉祜族自治县',271),(2368,'江城哈尼族彝族自治县','江城哈尼族彝族自治县',271),(2369,'孟连傣族拉祜族佤族自治县','孟连傣族拉祜族佤族自治县',271),(2370,'澜沧拉祜族自治县','澜沧拉祜族自治县',271),(2371,'西盟佤族自治县','西盟佤族自治县',271),(2372,'临翔区','临翔区',272),(2373,'凤庆县','凤庆县',272),(2374,'云县','云县',272),(2375,'永德县','永德县',272),(2376,'镇康县','镇康县',272),(2377,'双江拉祜族佤族布朗族傣族自治县','双江拉祜族佤族布朗族傣族自治县',272),(2378,'耿马傣族佤族自治县','耿马傣族佤族自治县',272),(2379,'沧源佤族自治县','沧源佤族自治县',272),(2380,'楚雄市','楚雄市',273),(2381,'双柏县','双柏县',273),(2382,'牟定县','牟定县',273),(2383,'南华县','南华县',273),(2384,'姚安县','姚安县',273),(2385,'大姚县','大姚县',273),(2386,'永仁县','永仁县',273),(2387,'元谋县','元谋县',273),(2388,'武定县','武定县',273),(2389,'禄丰县','禄丰县',273),(2390,'个旧市','个旧市',274),(2391,'开远市','开远市',274),(2392,'蒙自县','蒙自县',274),(2393,'屏边苗族自治县','屏边苗族自治县',274),(2394,'建水县','建水县',274),(2395,'石屏县','石屏县',274),(2396,'弥勒县','弥勒县',274),(2397,'泸西县','泸西县',274),(2398,'元阳县','元阳县',274),(2399,'红河县','红河县',274),(2400,'金平苗族瑶族傣族自治县','金平苗族瑶族傣族自治县',274),(2401,'绿春县','绿春县',274),(2402,'河口瑶族自治县','河口瑶族自治县',274),(2403,'文山县','文山县',275),(2404,'砚山县','砚山县',275),(2405,'西畴县','西畴县',275),(2406,'麻栗坡县','麻栗坡县',275),(2407,'马关县','马关县',275),(2408,'丘北县','丘北县',275),(2409,'广南县','广南县',275),(2410,'富宁县','富宁县',275),(2411,'景洪市','景洪市',276),(2412,'勐海县','勐海县',276),(2413,'勐腊县','勐腊县',276),(2414,'大理市','大理市',277),(2415,'漾濞彝族自治县','漾濞彝族自治县',277),(2416,'祥云县','祥云县',277),(2417,'宾川县','宾川县',277),(2418,'弥渡县','弥渡县',277),(2419,'南涧彝族自治县','南涧彝族自治县',277),(2420,'巍山彝族回族自治县','巍山彝族回族自治县',277),(2421,'永平县','永平县',277),(2422,'云龙县','云龙县',277),(2423,'洱源县','洱源县',277),(2425,'鹤庆县','鹤庆县',277),(2426,'瑞丽市','瑞丽市',278),(2427,'潞西市','潞西市',278),(2428,'梁河县','梁河县',278),(2429,'盈江县','盈江县',278),(2430,'陇川县','陇川县',278),(2431,'泸水县','泸水县',279),(2432,'福贡县','福贡县',279),(2433,'贡山独龙族怒族自治县','贡山独龙族怒族自治县',279),(2434,'兰坪白族普米族自治县','兰坪白族普米族自治县',279),(2435,'香格里拉县','香格里拉县',280),(2436,'德钦县','德钦县',280),(2437,'维西傈僳族自治县','维西傈僳族自治县',280),(2438,'城关区','城关区',281),(2439,'林周县','林周县',281),(2440,'当雄县','当雄县',281),(2441,'尼木县','尼木县',281),(2442,'曲水县','曲水县',281),(2443,'堆龙德庆县','堆龙德庆县',281),(2444,'达孜县','达孜县',281),(2445,'墨竹工卡县','墨竹工卡县',281),(2446,'昌都县','昌都县',282),(2447,'江达县','江达县',282),(2448,'贡觉县','贡觉县',282),(2449,'类乌齐县','类乌齐县',282),(2450,'丁青县','丁青县',282),(2451,'察雅县','察雅县',282),(2452,'八宿县','八宿县',282),(2453,'左贡县','左贡县',282),(2454,'芒康县','芒康县',282),(2455,'洛隆县','洛隆县',282),(2456,'边坝县','边坝县',282),(2457,'乃东县','乃东县',283),(2458,'扎囊县','扎囊县',283),(2459,'贡嘎县','贡嘎县',283),(2460,'桑日县','桑日县',283),(2461,'琼结县','琼结县',283),(2462,'曲松县','曲松县',283),(2463,'措美县','措美县',283),(2464,'洛扎县','洛扎县',283),(2465,'加查县','加查县',283),(2466,'隆子县','隆子县',283),(2467,'错那县','错那县',283),(2468,'浪卡子县','浪卡子县',283),(2469,'日喀则市','日喀则市',284),(2470,'南木林县','南木林县',284),(2471,'江孜县','江孜县',284),(2472,'定日县','定日县',284),(2473,'萨迦县','萨迦县',284),(2474,'拉孜县','拉孜县',284),(2475,'昂仁县','昂仁县',284),(2476,'谢通门县','谢通门县',284),(2477,'白朗县','白朗县',284),(2478,'仁布县','仁布县',284),(2479,'康马县','康马县',284),(2480,'定结县','定结县',284),(2481,'仲巴县','仲巴县',284),(2482,'亚东县','亚东县',284),(2483,'吉隆县','吉隆县',284),(2484,'聂拉木县','聂拉木县',284),(2485,'萨嘎县','萨嘎县',284),(2486,'岗巴县','岗巴县',284),(2487,'那曲县','那曲县',285),(2488,'嘉黎县','嘉黎县',285),(2489,'比如县','比如县',285),(2490,'聂荣县','聂荣县',285),(2491,'安多县','安多县',285),(2492,'申扎县','申扎县',285),(2493,'索县','索县',285),(2494,'班戈县','班戈县',285),(2495,'巴青县','巴青县',285),(2496,'尼玛县','尼玛县',285),(2497,'普兰县','普兰县',286),(2498,'札达县','札达县',286),(2499,'噶尔县','噶尔县',286),(2500,'日土县','日土县',286),(2501,'革吉县','革吉县',286),(2502,'改则县','改则县',286),(2503,'措勤县','措勤县',286),(2504,'林芝县','林芝县',287),(2505,'工布江达县','工布江达县',287),(2506,'米林县','米林县',287),(2507,'墨脱县','墨脱县',287),(2508,'波密县','波密县',287),(2509,'察隅县','察隅县',287),(2510,'朗县','朗县',287),(2511,'新城区','新城区',288),(2512,'碑林区','碑林区',288),(2513,'莲湖区','莲湖区',288),(2514,'灞桥区','灞桥区',288),(2515,'未央区','未央区',288),(2516,'雁塔区','雁塔区',288),(2517,'阎良区','阎良区',288),(2518,'临潼区','临潼区',288),(2519,'长安区','长安区',288),(2520,'蓝田县','蓝田县',288),(2521,'周至县','周至县',288),(2522,'户县','户县',288),(2523,'高陵县','高陵县',288),(2524,'王益区','王益区',289),(2526,'耀州区','耀州区',289),(2527,'宜君县','宜君县',289),(2528,'渭滨区','渭滨区',290),(2529,'金台区','金台区',290),(2530,'陈仓区','陈仓区',290),(2531,'凤翔县','凤翔县',290),(2532,'岐山县','岐山县',290),(2533,'扶风县','扶风县',290),(2534,'眉县','眉县',290),(2535,'陇县','陇县',290),(2536,'千阳县','千阳县',290),(2537,'麟游县','麟游县',290),(2538,'凤县','凤县',290),(2539,'太白县','太白县',290),(2540,'秦都区','秦都区',291),(2541,'杨凌区','杨凌区',291),(2542,'渭城区','渭城区',291),(2543,'三原县','三原县',291),(2544,'泾阳县','泾阳县',291),(2545,'乾县','乾县',291),(2546,'礼泉县','礼泉县',291),(2547,'永寿县','永寿县',291),(2548,'彬县','彬县',291),(2549,'长武县','长武县',291),(2550,'旬邑县','旬邑县',291),(2551,'淳化县','淳化县',291),(2552,'武功县','武功县',291),(2553,'兴平市','兴平市',291),(2554,'临渭区','临渭区',292),(2555,'华县','华县',292),(2556,'潼关县','潼关县',292),(2557,'大荔县','大荔县',292),(2558,'合阳县','合阳县',292),(2559,'澄城县','澄城县',292),(2560,'蒲城县','蒲城县',292),(2561,'白水县','白水县',292),(2562,'富平县','富平县',292),(2563,'韩城市','韩城市',292),(2564,'华阴市','华阴市',292),(2565,'宝塔区','宝塔区',293),(2566,'延长县','延长县',293),(2567,'延川县','延川县',293),(2568,'子长县','子长县',293),(2569,'安塞县','安塞县',293),(2570,'志丹县','志丹县',293),(2571,'吴旗县','吴旗县',293),(2572,'甘泉县','甘泉县',293),(2573,'富县','富县',293),(2574,'洛川县','洛川县',293),(2575,'宜川县','宜川县',293),(2576,'黄龙县','黄龙县',293),(2577,'黄陵县','黄陵县',293),(2578,'汉台区','汉台区',294),(2579,'南郑县','南郑县',294),(2580,'城固县','城固县',294),(2581,'洋县','洋县',294),(2582,'西乡县','西乡县',294),(2583,'勉县','勉县',294),(2584,'宁强县','宁强县',294),(2585,'略阳县','略阳县',294),(2586,'镇巴县','镇巴县',294),(2587,'留坝县','留坝县',294),(2588,'佛坪县','佛坪县',294),(2589,'榆阳区','榆阳区',295),(2590,'神木县','神木县',295),(2591,'府谷县','府谷县',295),(2592,'横山县','横山县',295),(2593,'靖边县','靖边县',295),(2594,'定边县','定边县',295),(2595,'绥德县','绥德县',295),(2596,'米脂县','米脂县',295),(2597,'佳县','佳县',295),(2598,'吴堡县','吴堡县',295),(2599,'清涧县','清涧县',295),(2600,'子洲县','子洲县',295),(2601,'汉滨区','汉滨区',296),(2602,'汉阴县','汉阴县',296),(2603,'石泉县','石泉县',296),(2604,'宁陕县','宁陕县',296),(2605,'紫阳县','紫阳县',296),(2606,'岚皋县','岚皋县',296),(2607,'平利县','平利县',296),(2608,'镇坪县','镇坪县',296),(2609,'旬阳县','旬阳县',296),(2610,'白河县','白河县',296),(2611,'商州区','商州区',297),(2612,'洛南县','洛南县',297),(2613,'丹凤县','丹凤县',297),(2614,'商南县','商南县',297),(2615,'山阳县','山阳县',297),(2616,'镇安县','镇安县',297),(2617,'柞水县','柞水县',297),(2618,'城关区','城关区',298),(2619,'七里河区','七里河区',298),(2620,'西固区','西固区',298),(2621,'安宁区','安宁区',298),(2622,'红古区','红古区',298),(2623,'永登县','永登县',298),(2624,'皋兰县','皋兰县',298),(2625,'榆中县','榆中县',298),(2627,'永昌县','永昌县',300),(2628,'白银区','白银区',301),(2629,'平川区','平川区',301),(2630,'靖远县','靖远县',301),(2631,'会宁县','会宁县',301),(2632,'景泰县','景泰县',301),(2633,'秦城区','秦城区',302),(2634,'北道区','北道区',302),(2635,'清水县','清水县',302),(2636,'秦安县','秦安县',302),(2637,'甘谷县','甘谷县',302),(2638,'武山县','武山县',302),(2639,'张家川回族自治县','张家川回族自治县',302),(2640,'凉州区','凉州区',303),(2641,'民勤县','民勤县',303),(2642,'古浪县','古浪县',303),(2643,'天祝藏族自治县','天祝藏族自治县',303),(2644,'甘州区','甘州区',304),(2645,'肃南裕固族自治县','肃南裕固族自治县',304),(2646,'民乐县','民乐县',304),(2647,'临泽县','临泽县',304),(2648,'高台县','高台县',304),(2649,'山丹县','山丹县',304),(2650,'崆峒区','崆峒区',305),(2651,'泾川县','泾川县',305),(2652,'灵台县','灵台县',305),(2653,'崇信县','崇信县',305),(2654,'华亭县','华亭县',305),(2655,'庄浪县','庄浪县',305),(2656,'静宁县','静宁县',305),(2657,'肃州区','肃州区',306),(2658,'金塔县','金塔县',306),(2659,'安西县','安西县',306),(2660,'肃北蒙古族自治县','肃北蒙古族自治县',306),(2661,'阿克塞哈萨克族自治县','阿克塞哈萨克族自治县',306),(2662,'玉门市','玉门市',306),(2663,'敦煌市','敦煌市',306),(2664,'西峰区','西峰区',307),(2665,'庆城县','庆城县',307),(2666,'环县','环县',307),(2667,'华池县','华池县',307),(2668,'合水县','合水县',307),(2669,'正宁县','正宁县',307),(2670,'宁县','宁县',307),(2671,'镇原县','镇原县',307),(2672,'安定区','安定区',308),(2673,'通渭县','通渭县',308),(2674,'陇西县','陇西县',308),(2675,'渭源县','渭源县',308),(2676,'临洮县','临洮县',308),(2677,'漳县','漳县',308),(2678,'岷县','岷县',308),(2679,'武都区','武都区',309),(2680,'成县','成县',309),(2681,'文县','文县',309),(2682,'宕昌县','宕昌县',309),(2683,'康县','康县',309),(2684,'西和县','西和县',309),(2685,'礼县','礼县',309),(2686,'徽县','徽县',309),(2687,'两当县','两当县',309),(2688,'临夏市','临夏市',310),(2689,'临夏县','临夏县',310),(2690,'康乐县','康乐县',310),(2691,'永靖县','永靖县',310),(2692,'广河县','广河县',310),(2693,'和政县','和政县',310),(2694,'东乡族自治县','东乡族自治县',310),(2695,'积石山保安族东乡族撒拉族自治县','积石山保安族东乡族撒拉族自治县',310),(2696,'合作市','合作市',311),(2697,'临潭县','临潭县',311),(2698,'卓尼县','卓尼县',311),(2699,'舟曲县','舟曲县',311),(2700,'迭部县','迭部县',311),(2701,'玛曲县','玛曲县',311),(2702,'碌曲县','碌曲县',311),(2703,'夏河县','夏河县',311),(2704,'城东区','城东区',312),(2705,'城中区','城中区',312),(2706,'城西区','城西区',312),(2707,'城北区','城北区',312),(2708,'大通回族土族自治县','大通回族土族自治县',312),(2709,'湟中县','湟中县',312),(2710,'湟源县','湟源县',312),(2711,'平安县','平安县',313),(2712,'民和回族土族自治县','民和回族土族自治县',313),(2713,'乐都县','乐都县',313),(2714,'互助土族自治县','互助土族自治县',313),(2715,'化隆回族自治县','化隆回族自治县',313),(2716,'循化撒拉族自治县','循化撒拉族自治县',313),(2717,'门源回族自治县','门源回族自治县',314),(2718,'祁连县','祁连县',314),(2719,'海晏县','海晏县',314),(2720,'刚察县','刚察县',314),(2721,'同仁县','同仁县',315),(2722,'尖扎县','尖扎县',315),(2723,'泽库县','泽库县',315),(2724,'河南蒙古族自治县','河南蒙古族自治县',315),(2725,'共和县','共和县',316),(2726,'同德县','同德县',316),(2728,'兴海县','兴海县',316),(2729,'贵南县','贵南县',316),(2730,'玛沁县','玛沁县',317),(2731,'班玛县','班玛县',317),(2732,'甘德县','甘德县',317),(2733,'达日县','达日县',317),(2734,'久治县','久治县',317),(2735,'玛多县','玛多县',317),(2736,'玉树县','玉树县',318),(2737,'杂多县','杂多县',318),(2738,'称多县','称多县',318),(2739,'治多县','治多县',318),(2740,'囊谦县','囊谦县',318),(2741,'曲麻莱县','曲麻莱县',318),(2742,'格尔木市','格尔木市',319),(2743,'德令哈市','德令哈市',319),(2744,'乌兰县','乌兰县',319),(2745,'都兰县','都兰县',319),(2746,'天峻县','天峻县',319),(2747,'兴庆区','兴庆区',320),(2748,'西夏区','西夏区',320),(2749,'金凤区','金凤区',320),(2750,'永宁县','永宁县',320),(2751,'贺兰县','贺兰县',320),(2752,'灵武市','灵武市',320),(2753,'大武口区','大武口区',321),(2754,'惠农区','惠农区',321),(2755,'平罗县','平罗县',321),(2756,'利通区','利通区',322),(2757,'盐池县','盐池县',322),(2758,'同心县','同心县',322),(2759,'青铜峡市','青铜峡市',322),(2760,'原州区','原州区',323),(2761,'西吉县','西吉县',323),(2762,'隆德县','隆德县',323),(2763,'泾源县','泾源县',323),(2764,'彭阳县','彭阳县',323),(2765,'沙坡头区','沙坡头区',324),(2766,'中宁县','中宁县',324),(2767,'海原县','海原县',324),(2768,'天山区','天山区',325),(2769,'沙依巴克区','沙依巴克区',325),(2770,'新市区','新市区',325),(2771,'水磨沟区','水磨沟区',325),(2772,'头屯河区','头屯河区',325),(2773,'达坂城区','达坂城区',325),(2774,'东山区','东山区',325),(2775,'乌鲁木齐县','乌鲁木齐县',325),(2776,'独山子区','独山子区',326),(2777,'克拉玛依区','克拉玛依区',326),(2778,'白碱滩区','白碱滩区',326),(2779,'乌尔禾区','乌尔禾区',326),(2780,'吐鲁番市','吐鲁番市',327),(2781,'鄯善县','鄯善县',327),(2782,'托克逊县','托克逊县',327),(2783,'哈密市','哈密市',328),(2784,'巴里坤哈萨克自治县','巴里坤哈萨克自治县',328),(2785,'伊吾县','伊吾县',328),(2786,'昌吉市','昌吉市',329),(2787,'阜康市','阜康市',329),(2788,'米泉市','米泉市',329),(2789,'呼图壁县','呼图壁县',329),(2790,'玛纳斯县','玛纳斯县',329),(2791,'奇台县','奇台县',329),(2792,'吉木萨尔县','吉木萨尔县',329),(2793,'木垒哈萨克自治县','木垒哈萨克自治县',329),(2794,'博乐市','博乐市',330),(2795,'精河县','精河县',330),(2796,'温泉县','温泉县',330),(2797,'库尔勒市','库尔勒市',331),(2798,'轮台县','轮台县',331),(2799,'尉犁县','尉犁县',331),(2800,'若羌县','若羌县',331),(2801,'且末县','且末县',331),(2802,'焉耆回族自治县','焉耆回族自治县',331),(2803,'和静县','和静县',331),(2804,'和硕县','和硕县',331),(2805,'博湖县','博湖县',331),(2806,'阿克苏市','阿克苏市',332),(2807,'温宿县','温宿县',332),(2808,'库车县','库车县',332),(2809,'沙雅县','沙雅县',332),(2810,'新和县','新和县',332),(2811,'拜城县','拜城县',332),(2812,'乌什县','乌什县',332),(2813,'阿瓦提县','阿瓦提县',332),(2814,'柯坪县','柯坪县',332),(2815,'阿图什市','阿图什市',333),(2816,'阿克陶县','阿克陶县',333),(2817,'阿合奇县','阿合奇县',333),(2818,'乌恰县','乌恰县',333),(2819,'喀什市','喀什市',334),(2820,'疏附县','疏附县',334),(2821,'疏勒县','疏勒县',334),(2822,'英吉沙县','英吉沙县',334),(2823,'泽普县','泽普县',334),(2824,'莎车县','莎车县',334),(2825,'叶城县','叶城县',334),(2826,'麦盖提县','麦盖提县',334),(2827,'岳普湖县','岳普湖县',334),(2828,'伽师县','伽师县',334),(2829,'巴楚县','巴楚县',334),(2830,'塔什库尔干塔吉克自治县','塔什库尔干塔吉克自治县',334),(2831,'和田市','和田市',335),(2832,'和田县','和田县',335),(2833,'墨玉县','墨玉县',335),(2834,'皮山县','皮山县',335),(2835,'洛浦县','洛浦县',335),(2836,'策勒县','策勒县',335),(2837,'于田县','于田县',335),(2838,'民丰县','民丰县',335),(2839,'伊宁市','伊宁市',336),(2840,'奎屯市','奎屯市',336),(2841,'伊宁县','伊宁县',336),(2842,'察布查尔锡伯自治县','察布查尔锡伯自治县',336),(2843,'霍城县','霍城县',336),(2844,'巩留县','巩留县',336),(2845,'新源县','新源县',336),(2846,'昭苏县','昭苏县',336),(2847,'特克斯县','特克斯县',336),(2848,'尼勒克县','尼勒克县',336),(2849,'塔城市','塔城市',337),(2850,'乌苏市','乌苏市',337),(2851,'额敏县','额敏县',337),(2852,'沙湾县','沙湾县',337),(2853,'托里县','托里县',337),(2854,'裕民县','裕民县',337),(2855,'和布克赛尔蒙古自治县','和布克赛尔蒙古自治县',337),(2856,'阿勒泰市','阿勒泰市',338),(2857,'布尔津县','布尔津县',338),(2858,'富蕴县','富蕴县',338),(2859,'福海县','福海县',338),(2860,'哈巴河县','哈巴河县',338),(2861,'青河县','青河县',338),(2862,'吉木乃县','吉木乃县',338);
/*!40000 ALTER TABLE `district` ENABLE KEYS */;
UNLOCK TABLES;

--
-- Table structure for table `error_code_define`
--

DROP TABLE IF EXISTS `error_code_define`;
/*!40101 SET @saved_cs_client     = @@character_set_client */;
/*!50503 SET character_set_client = utf8mb4 */;
CREATE TABLE `error_code_define` (
  `code` int NOT NULL,
  `name` varchar(45) NOT NULL,
  `level` int NOT NULL,
  `notifiable` tinyint NOT NULL,
  `realtime_notify` tinyint NOT NULL,
  `loggable` tinyint NOT NULL DEFAULT '1',
  `causes` varchar(128) DEFAULT NULL,
  `solutions` varchar(256) DEFAULT NULL,
  `buss_type` smallint NOT NULL,
  `count` int DEFAULT '0',
  `limit_period` int DEFAULT '0',
  `remark` varchar(200) DEFAULT NULL,
  `created_time` datetime NOT NULL,
  `last_modify_time` datetime DEFAULT NULL,
  PRIMARY KEY (`code`)
) ENGINE=InnoDB DEFAULT CHARSET=utf8mb4 COLLATE=utf8mb4_0900_ai_ci;
/*!40101 SET character_set_client = @saved_cs_client */;

--
-- Dumping data for table `error_code_define`
--

LOCK TABLES `error_code_define` WRITE;
/*!40000 ALTER TABLE `error_code_define` DISABLE KEYS */;
INSERT INTO `error_code_define` VALUES (-1,'未知错误代码',2,1,0,1,'没有定义','',4,91,0,'','2019-03-04 11:04:06','2019-12-23 10:50:35'),(1,'获取对象失败(通用类型)',0,0,0,1,'主键不存在',NULL,4,19,0,NULL,'2019-03-04 10:59:12',NULL),(2,'增加对象失败(通用类型)',0,1,0,1,'字段没有设置全',NULL,4,26,0,NULL,'2019-03-03 18:03:51','2019-03-04 10:59:31'),(3,'更新对象失败(通用类型)',0,1,0,1,'未知',NULL,4,3,0,NULL,'2019-03-04 10:59:55',NULL),(4,'删除对象失败(通用类型)',0,1,0,1,'未知',NULL,4,0,0,NULL,'2019-03-04 11:00:14',NULL),(5,'获取对象列表失败(通用类型)',0,0,0,1,'未知',NULL,4,105,0,NULL,'2019-03-04 11:00:33',NULL),(6,'构建查询参数对象异常',1,1,0,1,'未知',NULL,4,0,0,NULL,'2019-03-04 11:00:57',NULL),(8,'系统异常',2,0,0,1,'未知','',4,409,0,'','2019-03-04 11:01:17','2019-12-30 13:17:17'),(9,'系统遇到未知的异常',0,1,0,1,'未知',NULL,4,230,0,NULL,'2019-03-04 11:01:40',NULL),(10,'主键冲突',2,1,0,1,'未知',NULL,4,7,0,NULL,'2019-03-04 11:02:15',NULL),(11,'Http请求异常',2,1,0,1,'网络异常或者接口无法访问',NULL,4,0,0,NULL,'2019-03-04 11:02:36',NULL),(12,'通用类型的业务操作异常',1,1,0,1,'视具体业务而定',NULL,4,27,0,NULL,'2019-03-04 11:03:13',NULL),(13,'系统启动',1,1,1,1,'系统启动',NULL,4,918,0,NULL,'2017-01-21 17:11:56','2020-01-19 15:17:03'),(10006,'用户密码错误',1,1,1,1,'用户密码错误',NULL,4,0,0,NULL,'2020-06-23 18:19:36',NULL),(10007,'未授权操作',2,1,1,1,'未授权操作',NULL,3,42,0,NULL,'2017-01-21 17:11:56','2019-03-03 17:49:51'),(10014,'FTP异常',2,1,0,1,'ftp传输异常，网络、账户等原因',NULL,4,0,0,NULL,'2019-04-21 09:53:42',NULL),(10016,'用户操作过于频繁',1,1,1,1,'用户操作过于频繁',NULL,4,0,0,NULL,'2020-06-23 18:18:38',NULL),(10017,'用户的某个功能点操作过于频繁',1,1,1,1,'用户的某个功能点操作过于频繁',NULL,4,0,0,NULL,'2020-06-23 18:18:15',NULL),(10018,'用户登录次数达到最大次数',1,1,1,1,'用户登录次数达到最大次数',NULL,4,0,0,NULL,'2020-06-23 18:17:35',NULL),(10019,'二次认证失败',1,1,1,1,'回话已经过期',NULL,4,0,0,NULL,'2020-06-23 18:17:06','2020-07-05 19:11:44'),(10020,'命令执行结果通知',0,1,0,1,'无',NULL,4,0,0,NULL,'2020-06-07 15:48:56',NULL),(10021,'命令执行异常',2,1,0,1,'脚本错误或者操作系统判断异常',NULL,4,0,0,NULL,'2020-06-07 15:49:36',NULL),(30014,'调度执行异常',2,1,0,1,'调度执行异常',NULL,4,0,0,NULL,'2019-04-01 11:24:55',NULL),(1010004,'用户操作重要功能点',2,1,1,1,'操作重要功能点',NULL,3,0,0,NULL,'2019-01-31 17:11:56',NULL),(1010005,'用户操作敏感功能点',2,1,1,1,'操作敏感功能点',NULL,3,0,0,NULL,'2019-01-31 17:11:56',NULL),(1010006,'用户登录系统',1,1,1,1,'用户登录系统',NULL,4,278,0,NULL,'2019-01-31 17:11:56',NULL),(1070103,'错误代码未定义',0,0,0,1,'没有在数据库中定义的错误代码',NULL,4,167,0,NULL,'2019-03-03 11:11:56','2020-06-11 17:42:10'),(1080104,'获取不到请求参数信息',1,0,0,0,'未知',NULL,4,2221,0,NULL,'2019-03-04 10:03:53','2019-05-23 17:41:44'),(1080107,'网络恢复正常',0,1,0,1,'网络断掉后重新连接上',NULL,4,0,0,NULL,'2020-06-08 13:14:51',NULL),(1080108,'磁盘报警',2,1,1,1,'磁盘空间不足',NULL,4,0,0,NULL,'2020-06-22 17:03:44',NULL),(1080109,'内存报警',2,1,1,1,'内存不足',NULL,4,0,0,NULL,'2020-06-22 17:04:19',NULL),(1080110,'CPU报警',2,1,1,1,'CPU过载',NULL,4,0,0,NULL,'2020-06-22 17:04:37',NULL),(1080113,'系统报警后执行自动执行任务',1,1,0,1,'系统异常，自动执行调度任务，以求恢复',NULL,4,0,0,NULL,'2020-06-22 17:19:48',NULL),(1130102,'获取股票价格异常',2,0,0,1,'网络或者新浪服务器异常',NULL,3,749,0,NULL,'2019-02-27 11:11:56','2019-04-20 08:45:43'),(1130103,'获取股票价格失败',2,1,1,1,'股票代码不存在',NULL,3,2,0,NULL,'2019-02-27 11:11:56',NULL),(1140100,'通用消息提醒代码',1,1,0,1,'针对没有配置错误代码配置的代码',NULL,6,6,0,NULL,'2019-02-27 11:11:56',NULL),(1140101,'积分奖励日统计',0,1,0,1,'积分奖励日统计',NULL,6,354,0,NULL,'2019-03-03 11:11:56',NULL),(1140102,'用户提醒类统计',0,1,0,1,'用户提醒类统计',NULL,6,1935,0,NULL,'2019-03-03 11:11:56',NULL),(1140103,'用户计划统计(未完成)',1,1,0,1,'用户计划统计(未完成)',NULL,6,549,0,NULL,'2019-03-03 11:11:56',NULL),(1140104,'用户计划统计(已完成)',0,1,0,1,'用户计划统计(已完成)',NULL,6,86,0,NULL,'2019-03-03 11:11:56',NULL),(1140105,'用户梦想统计(未完成)',1,1,0,1,'用户梦想统计(未完成)',NULL,6,36,0,NULL,'2019-03-03 11:11:56',NULL),(1140106,'用户梦想统计(已完成)',0,1,0,1,'用户梦想统计(已完成)',NULL,6,0,0,NULL,'2019-03-03 11:11:56',NULL),(1140107,'用户每日任务统计',1,1,0,1,'用户每日任务统计',NULL,6,354,0,NULL,'2019-03-03 11:11:56',NULL),(1140108,'用户股票统计',0,1,0,1,'用户股票统计',NULL,6,1385,0,NULL,'2019-03-03 11:11:56',NULL),(1140109,'用户股票资产统计',0,1,0,1,'用户股票资产统计',NULL,6,24,0,NULL,'2019-03-03 11:11:56',NULL),(1140110,'用户用药统计',1,1,0,1,'用户用药统计',NULL,6,884,0,NULL,'2019-03-03 11:11:56',NULL),(1140111,'执行了一句命令代码',1,1,0,1,'执行了一句命令代码',NULL,4,0,0,NULL,'2019-03-03 11:11:56',NULL),(1140112,'消息重复发送',1,0,0,1,'多线程导致重复发送',NULL,4,0,0,NULL,'2019-03-16 09:33:22','2019-03-16 09:34:03'),(1140113,'花费超出预算',1,1,0,1,'花费太多',NULL,4,7,0,NULL,'2019-03-31 14:26:17',NULL),(1140114,'花费没有超出预算',0,1,0,1,'啊',NULL,4,10,0,NULL,'2019-03-31 14:26:34',NULL),(1140115,'预算没有完成',1,1,0,1,'预算记录没有记录',NULL,4,21,0,NULL,'2019-04-24 22:35:22',NULL),(1140116,'预算检查',0,1,0,1,'预算检查',NULL,4,275,0,NULL,'2019-04-24 22:35:48',NULL),(1140117,'手术复查',0,1,0,1,'手术有复查时间，但是没有去复查',NULL,4,9,0,NULL,'2019-05-10 17:19:46',NULL),(1140118,'发送用户日历消息',0,1,1,1,'用户手动发送',NULL,4,0,0,NULL,'2020-06-11 17:41:18',NULL),(1140119,'饮食多样性统计',0,1,0,1,'饮食多样性统计',NULL,4,0,0,NULL,'2020-07-04 09:13:45',NULL);
/*!40000 ALTER TABLE `error_code_define` ENABLE KEYS */;
UNLOCK TABLES;

--
-- Table structure for table `fast_menu`
--

DROP TABLE IF EXISTS `fast_menu`;
/*!40101 SET @saved_cs_client     = @@character_set_client */;
/*!50503 SET character_set_client = utf8mb4 */;
CREATE TABLE `fast_menu` (
  `id` bigint NOT NULL AUTO_INCREMENT COMMENT 'ID',
  `user_id` bigint NOT NULL DEFAULT '1',
  `function_id` bigint NOT NULL,
  `order_index` smallint NOT NULL COMMENT '排序号',
  PRIMARY KEY (`id`)
) ENGINE=InnoDB AUTO_INCREMENT=5 DEFAULT CHARSET=utf8 COMMENT='快捷菜单';
/*!40101 SET character_set_client = @saved_cs_client */;

--
-- Dumping data for table `fast_menu`
--

LOCK TABLES `fast_menu` WRITE;
/*!40000 ALTER TABLE `fast_menu` DISABLE KEYS */;
/*!40000 ALTER TABLE `fast_menu` ENABLE KEYS */;
UNLOCK TABLES;

--
-- Table structure for table `operation_log`
--

DROP TABLE IF EXISTS `operation_log`;
/*!40101 SET @saved_cs_client     = @@character_set_client */;
/*!50503 SET character_set_client = utf8mb4 */;
CREATE TABLE `operation_log` (
  `id` bigint NOT NULL AUTO_INCREMENT,
  `user_id` bigint NOT NULL,
  `username` varchar(45) NOT NULL,
  `system_function_id` bigint DEFAULT NULL,
  `url_address` varchar(100) NOT NULL,
  `method` varchar(45) NOT NULL,
  `occur_start_time` datetime DEFAULT NULL,
  `occur_end_time` datetime NOT NULL,
  `store_time` datetime NOT NULL,
  `handle_duration` int NOT NULL DEFAULT '0',
  `store_duration` int NOT NULL DEFAULT '0',
  `ip_address` varchar(45) NOT NULL,
  `location_code` varchar(45) DEFAULT NULL,
  `mac_address` varchar(45) DEFAULT NULL,
  `host_ip_address` varchar(45) DEFAULT NULL,
  `paras` varchar(2000) DEFAULT NULL,
  `id_value` varchar(45) DEFAULT NULL,
  `return_data` varchar(5000) DEFAULT NULL,
  `remark` varchar(200) DEFAULT NULL,
  `created_time` datetime NOT NULL,
  `last_modify_time` datetime DEFAULT NULL,
  PRIMARY KEY (`id`)
) ENGINE=InnoDB DEFAULT CHARSET=utf8mb4 COLLATE=utf8mb4_0900_ai_ci;
/*!40101 SET character_set_client = @saved_cs_client */;

--
-- Dumping data for table `operation_log`
--

LOCK TABLES `operation_log` WRITE;
/*!40000 ALTER TABLE `operation_log` DISABLE KEYS */;
/*!40000 ALTER TABLE `operation_log` ENABLE KEYS */;
UNLOCK TABLES;

--
-- Table structure for table `province`
--

DROP TABLE IF EXISTS `province`;
/*!40101 SET @saved_cs_client     = @@character_set_client */;
/*!50503 SET character_set_client = utf8mb4 */;
CREATE TABLE `province` (
  `id` int NOT NULL AUTO_INCREMENT COMMENT 'ID',
  `name` varchar(20) DEFAULT NULL COMMENT '名称',
  `map_name` varchar(20) DEFAULT NULL,
  PRIMARY KEY (`id`)
) ENGINE=InnoDB AUTO_INCREMENT=35 DEFAULT CHARSET=utf8 COMMENT='省份表';
/*!40101 SET character_set_client = @saved_cs_client */;

--
-- Dumping data for table `province`
--

LOCK TABLES `province` WRITE;
/*!40000 ALTER TABLE `province` DISABLE KEYS */;
INSERT INTO `province` VALUES (1,'北京市','北京市'),(2,'天津市','天津'),(3,'河北省','河北'),(4,'山西省','山西'),(5,'内蒙古','内蒙古'),(6,'辽宁省','辽宁'),(7,'吉林省','吉林'),(8,'黑龙江省','黑龙江'),(9,'上海市','上海'),(10,'江苏省','江苏'),(11,'浙江省','浙江'),(12,'安徽省','安徽'),(13,'福建省','福建'),(14,'江西省','江西'),(15,'山东省','山东'),(16,'河南省','河南'),(17,'湖北省','湖北'),(18,'湖南省','湖南'),(19,'广东省','广东'),(20,'广西','广西'),(21,'海南省','海南'),(22,'重庆市','重庆'),(23,'四川省','四川'),(24,'贵州省','贵州'),(25,'云南省','云南'),(26,'西藏','西藏'),(27,'陕西省','陕西'),(28,'甘肃省','甘肃'),(29,'青海省','青海'),(30,'宁夏','宁夏'),(31,'新疆','新疆'),(32,'香港','香港'),(33,'澳门','澳门'),(34,'台湾省','台湾');
/*!40000 ALTER TABLE `province` ENABLE KEYS */;
UNLOCK TABLES;

--
-- Table structure for table `role`
--

DROP TABLE IF EXISTS `role`;
/*!40101 SET @saved_cs_client     = @@character_set_client */;
/*!50503 SET character_set_client = utf8mb4 */;
CREATE TABLE `role` (
  `id` bigint NOT NULL AUTO_INCREMENT,
  `name` varchar(45) NOT NULL,
  `status` smallint NOT NULL,
  `order_index` smallint NOT NULL,
  `remark` varchar(200) DEFAULT NULL,
  `created_time` datetime NOT NULL,
  `last_modify_time` datetime DEFAULT NULL,
  PRIMARY KEY (`id`)
) ENGINE=InnoDB AUTO_INCREMENT=3 DEFAULT CHARSET=utf8mb4 COLLATE=utf8mb4_0900_ai_ci;
/*!40101 SET character_set_client = @saved_cs_client */;

--
-- Dumping data for table `role`
--

LOCK TABLES `role` WRITE;
/*!40000 ALTER TABLE `role` DISABLE KEYS */;
INSERT INTO `role` VALUES (1,'超级管理员',1,1,NULL,'2020-01-09 18:59:17','2020-01-09 19:00:29'),(2,'普通管理员',1,2,NULL,'2020-01-09 19:57:35',NULL);
/*!40000 ALTER TABLE `role` ENABLE KEYS */;
UNLOCK TABLES;

--
-- Table structure for table `role_function`
--

DROP TABLE IF EXISTS `role_function`;
/*!40101 SET @saved_cs_client     = @@character_set_client */;
/*!50503 SET character_set_client = utf8mb4 */;
CREATE TABLE `role_function` (
  `id` bigint NOT NULL AUTO_INCREMENT,
  `role_id` bigint NOT NULL,
  `function_id` bigint NOT NULL,
  PRIMARY KEY (`id`)
) ENGINE=InnoDB AUTO_INCREMENT=6022 DEFAULT CHARSET=utf8mb4 COLLATE=utf8mb4_0900_ai_ci;
/*!40101 SET character_set_client = @saved_cs_client */;

--
-- Dumping data for table `role_function`
--

LOCK TABLES `role_function` WRITE;
/*!40000 ALTER TABLE `role_function` DISABLE KEYS */;
INSERT INTO `role_function` VALUES (5908,1,0),(5909,1,799),(5910,1,800),(5911,1,705),(5912,1,728),(5913,1,225),(5914,1,729),(5915,1,297),(5916,1,731),(5917,1,732),(5918,1,748),(5919,1,749),(5920,1,804),(5921,1,695),(5922,1,924),(5923,1,1024),(5924,1,696),(5925,1,697),(5926,1,698),(5927,1,699),(5928,1,700),(5929,1,701),(5930,1,702),(5931,1,805),(5932,1,337),(5933,1,82),(5934,1,636),(5935,1,74),(5936,1,76),(5937,1,659),(5938,1,75),(5939,1,77),(5940,1,73),(5941,1,79),(5942,1,806),(5943,1,807),(5944,1,348),(5945,1,227),(5946,1,67),(5947,1,69),(5948,1,635),(5949,1,1068),(5950,1,1069),(5951,1,808),(5952,1,451),(5953,1,307),(5954,1,1070),(5955,1,809),(5956,1,607),(5957,1,465),(5958,1,814),(5959,1,534),(5960,1,535),(5961,1,536),(5962,1,717),(5963,1,65),(5964,1,66),(5965,1,810),(5966,1,811),(5967,1,637),(5968,1,812),(5969,1,543),(5970,1,581),(5971,1,603),(5972,1,604),(5973,1,605),(5974,1,632),(5975,1,454),(5976,1,455),(5977,1,456),(5978,1,457),(5979,1,458),(5980,1,459),(5981,1,813),(5982,1,849),(5983,1,542),(5984,1,703),(5985,1,541),(5986,1,815),(5987,1,816),(5988,1,423),(5989,1,424),(5990,1,694),(5991,1,745),(5992,1,817),(5993,1,704),(5994,1,818),(5995,1,601),(5996,1,658),(5997,1,819),(5998,1,727),(5999,1,846),(6000,1,367),(6001,1,847),(6002,1,850),(6003,1,1048),(6004,1,1054),(6005,1,998),(6006,1,999),(6007,1,1001),(6008,1,1002),(6009,1,1003),(6010,1,1007),(6011,1,1000),(6012,1,1004),(6013,1,1005),(6014,1,1006),(6015,1,1008),(6016,1,1009),(6017,1,1010),(6018,1,1011),(6019,1,1012),(6020,1,1013),(6021,1,1041);
/*!40000 ALTER TABLE `role_function` ENABLE KEYS */;
UNLOCK TABLES;

--
-- Table structure for table `system_config`
--

DROP TABLE IF EXISTS `system_config`;
/*!40101 SET @saved_cs_client     = @@character_set_client */;
/*!50503 SET character_set_client = utf8mb4 */;
CREATE TABLE `system_config` (
  `id` bigint NOT NULL AUTO_INCREMENT COMMENT 'ID',
  `name` varchar(45) NOT NULL COMMENT '名称',
  `code` varchar(45) NOT NULL COMMENT '代码',
  `config_value` varchar(200) NOT NULL COMMENT '配置值',
  `status` smallint NOT NULL,
  `remark` varchar(200) DEFAULT NULL COMMENT '备注',
  `created_time` datetime NOT NULL COMMENT '创建时间',
  `last_modify_time` datetime DEFAULT NULL COMMENT '最后更新时间',
  PRIMARY KEY (`id`)
) ENGINE=InnoDB AUTO_INCREMENT=12 DEFAULT CHARSET=utf8mb4 COLLATE=utf8mb4_0900_ai_ci COMMENT='系统配置';
/*!40101 SET character_set_client = @saved_cs_client */;

--
-- Dumping data for table `system_config`
--

LOCK TABLES `system_config` WRITE;
/*!40000 ALTER TABLE `system_config` DISABLE KEYS */;
INSERT INTO `system_config` VALUES (1,'备份文件目录','system.backupPath','D:/software/developer',1,NULL,'2020-08-27 15:20:41','2020-09-25 13:49:19'),(4,'系统移动端的网站前缀','system.mobile.baseUrl','http://127.0.0.1/mobile',1,NULL,'2020-09-02 10:58:24',NULL),(5,'系统移动端的主页地址','system.mobile.mainUrl','/main/main.html',1,NULL,'2020-09-02 11:01:07',NULL),(11,'标签获取的时间跨度(天)','tags.history.days','30',1,NULL,'2020-10-08 07:49:54','2020-10-08 07:54:07');
/*!40000 ALTER TABLE `system_config` ENABLE KEYS */;
UNLOCK TABLES;

--
-- Table structure for table `system_function`
--

DROP TABLE IF EXISTS `system_function`;
/*!40101 SET @saved_cs_client     = @@character_set_client */;
/*!50503 SET character_set_client = utf8mb4 */;
CREATE TABLE `system_function` (
  `id` bigint NOT NULL AUTO_INCREMENT,
  `name` varchar(45) NOT NULL,
  `short_name` varchar(45) DEFAULT NULL,
  `support_methods` varchar(64) NOT NULL,
  `url_address` varchar(100) NOT NULL,
  `url_type` smallint NOT NULL,
  `function_type` smallint NOT NULL,
  `function_data_type` smallint NOT NULL DEFAULT '0',
  `pid` bigint DEFAULT NULL,
  `image_name` varchar(45) DEFAULT NULL,
  `status` smallint NOT NULL,
  `order_index` int NOT NULL,
  `bean_name` varchar(100) DEFAULT NULL,
  `id_field` varchar(45) DEFAULT NULL,
  `id_field_type` smallint NOT NULL DEFAULT '0',
  `do_log` bit(1) NOT NULL DEFAULT b'1',
  `trigger_stat` bit(1) NOT NULL DEFAULT b'0',
  `diff_user` bit(1) NOT NULL DEFAULT b'1',
  `login_auth` tinyint NOT NULL DEFAULT '0',
  `permission_auth` tinyint NOT NULL DEFAULT '0',
  `ip_auth` tinyint NOT NULL DEFAULT '0',
  `always_show` tinyint NOT NULL DEFAULT '0',
  `request_limit` tinyint NOT NULL DEFAULT '0',
  `request_limit_period` int NOT NULL DEFAULT '5',
  `day_limit` int NOT NULL DEFAULT '0',
  `record_return_data` bit(1) NOT NULL DEFAULT b'0',
  `reward_point` int NOT NULL DEFAULT '0',
  `error_code` int NOT NULL DEFAULT '0',
  `tree_stat` tinyint NOT NULL DEFAULT '1',
  `sec_auth` tinyint DEFAULT '0',
  `perms` varchar(100) DEFAULT NULL,
  `component` varchar(100) DEFAULT NULL,
  `path` varchar(100) DEFAULT NULL,
  `visible` bit(1) DEFAULT b'0',
  `router` bit(1) DEFAULT b'0',
  `frame` bit(1) DEFAULT b'0',
  `cache` bit(1) DEFAULT b'1',
  `remark` varchar(200) DEFAULT NULL,
  `created_time` datetime NOT NULL,
  `last_modify_time` datetime DEFAULT NULL,
  PRIMARY KEY (`id`),
  UNIQUE KEY `URL_METHOD` (`url_address`,`support_methods`)
) ENGINE=InnoDB AUTO_INCREMENT=1076 DEFAULT CHARSET=utf8mb4 COLLATE=utf8mb4_0900_ai_ci;
/*!40101 SET character_set_client = @saved_cs_client */;

--
-- Dumping data for table `system_function`
--

LOCK TABLES `system_function` WRITE;
/*!40000 ALTER TABLE `system_function` DISABLE KEYS */;
INSERT INTO `system_function` VALUES (0,'根目录',NULL,'root','root',0,5,3,NULL,NULL,1,1,'root','id',0,_binary '\0',_binary '\0',_binary '',1,0,0,0,0,5,0,_binary '\0',0,0,0,0,NULL,NULL,NULL,_binary '\0',_binary '\0',_binary '\0',_binary '',NULL,'2017-09-09 11:19:37','2019-08-14 08:08:07'),(58,'网站首页',NULL,'GET','/main/main',0,5,0,0,'dashboard',1,98,NULL,'id',0,_binary '',_binary '\0',_binary '',0,0,0,0,0,5,0,_binary '\0',0,0,1,0,NULL,NULL,NULL,_binary '\0',_binary '\0',_binary '\0',_binary '',NULL,'2017-09-02 09:53:28','2020-10-12 22:18:54'),(65,'操作日志比较','获取比较数据','GET','/operationLog/getCompareData',0,3,0,806,'yoy',1,6,'OperationLog','id',0,_binary '',_binary '\0',_binary '',1,1,0,0,0,5,0,_binary '\0',0,0,1,0,'log:operationLog:logCompare','log/operationLog/logCompare','operationLog/logCompare',_binary '\0',_binary '',_binary '\0',_binary '',NULL,'2017-09-02 09:53:28','2020-10-12 22:01:47'),(66,'获取操作日志最近的比较数据','获取最近的比较数据','GET','/operationLog/getNearstCompareData',0,3,1,65,NULL,1,2,'OperationLog','id',0,_binary '',_binary '\0',_binary '',1,1,0,0,0,5,0,_binary '\0',0,0,1,0,'log:operationLog:getNearstCompareData',NULL,NULL,_binary '\0',_binary '\0',_binary '\0',_binary '',NULL,'2017-09-02 09:53:28','2020-08-26 12:59:58'),(67,'获取操作日志请求参数详情','参数详情','GET','/operationLog/getParas',0,3,1,807,NULL,1,4,'OperationLog','id',0,_binary '',_binary '\0',_binary '',1,1,0,0,0,5,0,_binary '\0',0,0,1,0,NULL,NULL,NULL,_binary '\0',_binary '\0',_binary '\0',_binary '',NULL,'2017-09-02 09:53:28','2020-02-13 20:51:50'),(69,'关联功能点','设置功能点','GET','/operationLog/setFunctionId',0,5,1,807,NULL,1,5,'OperationLog','id',0,_binary '',_binary '\0',_binary '',1,1,0,0,0,5,0,_binary '\0',0,0,1,0,'log:operationLog:setFunctionId',NULL,NULL,_binary '\0',_binary '\0',_binary '\0',_binary '',NULL,'2017-09-02 09:53:28','2020-08-20 13:03:22'),(73,'新增功能点','新增','POST','/systemFunction/create',0,0,1,805,NULL,1,6,'SystemFunction','id',0,_binary '',_binary '\0',_binary '',1,1,0,0,0,5,0,_binary '\0',0,0,1,0,'auth:systemFunction:create',NULL,NULL,_binary '\0',_binary '\0',_binary '\0',_binary '',NULL,'2017-09-02 09:53:28','2020-08-05 13:57:39'),(74,'获取功能点详情','详情','GET','/systemFunction/get',0,3,1,805,NULL,1,3,'SystemFunction','id',0,_binary '',_binary '\0',_binary '',1,1,0,0,0,5,0,_binary '\0',0,0,1,0,NULL,NULL,NULL,_binary '\0',_binary '\0',_binary '\0',_binary '',NULL,'2017-09-02 09:53:28','2020-02-13 20:43:03'),(75,'获取功能点列表数据','列表','GET','/systemFunction/getData',0,3,1,805,NULL,1,5,'SystemFunction','id',0,_binary '',_binary '\0',_binary '',1,1,0,0,0,5,0,_binary '\0',0,0,1,0,NULL,NULL,NULL,_binary '\0',_binary '\0',_binary '\0',_binary '',NULL,'2017-09-02 09:53:28','2020-02-13 20:42:28'),(76,'获取功能点树','功能点树','GET,POST','/systemFunction/getSystemFunctionTree',0,3,2,805,NULL,1,4,'SystemFunction','id',0,_binary '',_binary '\0',_binary '',1,1,0,0,0,5,0,_binary '\0',0,0,1,0,NULL,NULL,NULL,_binary '\0',_binary '\0',_binary '\0',_binary '',NULL,'2017-09-02 09:53:28','2020-03-07 09:48:21'),(77,'自动初始化功能点数据','自动初始化','GET','/systemFunction/initUnConfigedFunctions',0,5,1,805,NULL,1,5,'SystemFunction','id',0,_binary '',_binary '\0',_binary '',1,1,0,0,0,5,0,_binary '\0',0,0,1,0,NULL,NULL,NULL,_binary '\0',_binary '\0',_binary '\0',_binary '',NULL,'2017-09-02 09:53:28','2020-02-13 20:43:32'),(79,'刷新内存中功能点列表','刷新缓存','POST','/systemFunction/refreshSystemConfig',0,5,1,805,NULL,1,6,'SystemFunction','id',0,_binary '',_binary '\0',_binary '',1,1,0,0,0,5,0,_binary '\0',0,0,1,0,'auth:systemFunction:refreshSystemConfig',NULL,NULL,_binary '\0',_binary '\0',_binary '\0',_binary '',NULL,'2017-09-02 09:53:28','2020-08-05 20:40:10'),(82,'修改功能点','修改','POST','/systemFunction/edit',0,1,1,805,NULL,1,2,'SystemFunction','id',0,_binary '',_binary '\0',_binary '',1,1,0,0,0,5,0,_binary '\0',0,0,1,0,'auth:systemFunction:edit',NULL,NULL,_binary '\0',_binary '\0',_binary '\0',_binary '',NULL,'2017-09-02 10:37:12','2020-08-05 13:57:28'),(117,'获取年份列表','获取年份列表','GET,POST','/common/getYearTree',0,3,2,785,NULL,1,3,'CommonRecord','id',0,_binary '',_binary '\0',_binary '',1,0,0,0,0,5,0,_binary '\0',0,0,1,0,NULL,NULL,NULL,_binary '\0',_binary '\0',_binary '\0',_binary '',NULL,'2017-09-02 10:46:03','2020-02-13 16:25:10'),(225,'获取用户列表树','用户列表树','GET,POST','/user/getUserTree',0,3,2,800,NULL,1,3,'User','id',0,_binary '',_binary '\0',_binary '',1,1,0,0,0,5,0,_binary '\0',0,0,1,0,NULL,NULL,NULL,_binary '\0',_binary '\0',_binary '\0',_binary '',NULL,'2017-09-02 10:46:49','2020-02-13 22:05:05'),(226,'获取操作日志中所操作的对象详情','对象详情','GET','/operationLog/getBeanDetail',0,3,1,807,NULL,1,2,'OperationLog','id',0,_binary '',_binary '\0',_binary '',1,0,0,0,0,5,0,_binary '\0',0,0,1,0,NULL,NULL,NULL,_binary '\0',_binary '\0',_binary '\0',_binary '',NULL,'2017-09-02 12:18:31','2020-08-20 11:18:28'),(227,'设置业务主键值','设置业务主键值','GET','/operationLog/setIdValue',0,5,1,807,NULL,1,3,'OperationLog','id',0,_binary '',_binary '\0',_binary '',1,1,0,0,0,5,0,_binary '\0',0,0,1,0,'log:operationLog:setIdValue',NULL,NULL,_binary '\0',_binary '\0',_binary '\0',_binary '',NULL,'2017-09-02 14:50:08','2020-08-20 12:55:49'),(276,'获取修改类操作日志记录','获取修改记录','GET','/operationLog/getEditLogData',0,3,1,65,NULL,1,3,'OperationLog','id',0,_binary '',_binary '\0',_binary '',1,0,0,0,0,5,0,_binary '\0',0,0,1,0,'log:operationLog:getEditLogData',NULL,NULL,_binary '\0',_binary '\0',_binary '\0',_binary '',NULL,'2017-09-06 11:47:49','2020-08-26 13:56:55'),(296,'修改用户','修改','POST','/user/edit',0,1,1,800,NULL,1,3,'User','id',0,_binary '',_binary '\0',_binary '',1,0,0,0,0,5,0,_binary '\0',0,0,1,0,'auth:user:edit',NULL,NULL,_binary '\0',_binary '\0',_binary '\0',_binary '',NULL,'2017-09-06 13:01:26','2020-08-19 14:21:44'),(297,'获取用户详情','用户详情','GET','/user/get',0,3,1,800,NULL,1,4,'User','id',0,_binary '',_binary '\0',_binary '',1,1,0,0,0,5,0,_binary '\0',0,0,1,0,NULL,NULL,NULL,_binary '\0',_binary '\0',_binary '\0',_binary '',NULL,'2017-09-06 13:01:26','2020-02-13 20:22:39'),(307,'获取系统日志请求参数信息','参数信息','GET','/systemLog/getParas',0,3,1,808,NULL,1,4,'SystemLog','id',0,_binary '',_binary '',_binary '',1,1,0,0,0,5,0,_binary '\0',0,0,1,0,NULL,NULL,NULL,_binary '\0',_binary '\0',_binary '\0',_binary '',NULL,'2017-09-08 23:35:53','2020-02-13 20:53:45'),(337,'获取功能点树数据','功能点树数据','GET,POST','/systemFunction/getSystemFunctionMenuTree',0,5,1,805,NULL,1,0,'SystemFunction','id',0,_binary '',_binary '\0',_binary '',1,1,0,0,0,5,0,_binary '\0',0,0,1,0,NULL,NULL,NULL,_binary '\0',_binary '\0',_binary '\0',_binary '',NULL,'2017-09-15 10:17:17','2020-02-27 13:54:05'),(348,'获取操作日志的返回值','返回值','GET','/operationLog/getReturnData',0,5,1,807,NULL,1,0,'OperationLog','id',0,_binary '',_binary '\0',_binary '',1,1,0,0,0,5,0,_binary '\0',0,0,1,0,NULL,NULL,NULL,_binary '\0',_binary '\0',_binary '\0',_binary '',NULL,'2017-09-16 16:50:33','2020-02-13 20:49:53'),(366,'维护类-删除缓存',NULL,'POST','/maintain/deleteCache',0,2,1,785,NULL,1,0,'Maintain','id',0,_binary '',_binary '\0',_binary '',1,0,0,0,0,5,0,_binary '\0',0,0,1,0,NULL,NULL,NULL,_binary '\0',_binary '\0',_binary '\0',_binary '',NULL,'2018-01-22 21:45:40','2020-02-28 10:25:00'),(367,'维护类获取缓存',NULL,'GET','/maintain/getCache',0,3,1,846,NULL,1,0,'Maintain','id',0,_binary '',_binary '\0',_binary '',1,1,0,0,0,5,0,_binary '\0',0,0,1,0,NULL,NULL,NULL,_binary '\0',_binary '\0',_binary '\0',_binary '',NULL,'2018-01-22 21:45:40','2020-09-06 17:12:57'),(423,'修改数据库清理配置','修改','POST','/databaseClean/edit',0,1,1,816,NULL,1,0,'DatabaseClean','id',0,_binary '',_binary '\0',_binary '',1,1,0,0,0,5,0,_binary '\0',0,0,1,0,'system:databaseClean:edit',NULL,NULL,_binary '\0',_binary '\0',_binary '\0',_binary '',NULL,'2018-02-17 14:12:10','2020-08-22 14:58:21'),(424,'获取数据库清理配置','详情','GET','/databaseClean/get',0,3,1,816,NULL,1,1,'DatabaseClean','id',0,_binary '',_binary '\0',_binary '',1,1,0,0,0,5,0,_binary '\0',0,0,1,0,NULL,NULL,NULL,_binary '\0',_binary '\0',_binary '\0',_binary '',NULL,'2018-02-17 14:12:11','2020-02-13 21:14:52'),(436,'登出',NULL,'GET','/main/logout',0,0,1,922,NULL,1,0,NULL,'id',0,_binary '',_binary '\0',_binary '',1,0,0,0,0,5,0,_binary '\0',0,0,1,0,NULL,NULL,NULL,_binary '\0',_binary '\0',_binary '\0',_binary '',NULL,'2018-02-17 14:12:12','2020-08-05 19:45:48'),(451,'获取系统日志详情','详情','GET','/systemLog/get',0,3,1,808,NULL,1,0,'SystemLog','id',0,_binary '',_binary '\0',_binary '',1,1,0,0,0,5,0,_binary '\0',0,0,1,0,NULL,NULL,NULL,_binary '\0',_binary '\0',_binary '\0',_binary '',NULL,'2018-02-17 14:12:13','2020-02-13 20:53:27'),(454,'新增调度触发器','新增','POST','/taskTrigger/create',0,0,1,812,NULL,1,7,'TaskTrigger','id',0,_binary '',_binary '\0',_binary '',1,1,0,0,0,5,0,_binary '\0',0,0,1,0,'schedule:taskTrigger:create',NULL,NULL,_binary '\0',_binary '\0',_binary '\0',_binary '',NULL,'2018-02-17 14:12:13','2020-08-20 21:11:24'),(455,'删除调度触发器','删除','POST','/taskTrigger/delete',0,2,1,812,NULL,1,9,'TaskTrigger','ids',0,_binary '',_binary '\0',_binary '',1,1,0,0,0,5,0,_binary '\0',0,0,1,0,'schedule:taskTrigger:delete',NULL,NULL,_binary '\0',_binary '\0',_binary '\0',_binary '',NULL,'2018-02-17 14:12:13','2020-08-20 21:11:33'),(456,'修改调度触发器','修改','POST','/taskTrigger/edit',0,1,1,812,NULL,1,11,'TaskTrigger','id',0,_binary '',_binary '\0',_binary '',1,1,0,0,0,5,0,_binary '\0',0,0,1,0,'schedule:taskTrigger:edit',NULL,NULL,_binary '\0',_binary '\0',_binary '\0',_binary '',NULL,'2018-02-17 14:12:13','2020-08-20 21:11:41'),(457,'获取调度触发器详情','详情','GET','/taskTrigger/get',0,3,1,812,NULL,1,12,'TaskTrigger','id',0,_binary '',_binary '\0',_binary '',1,1,0,0,0,5,0,_binary '\0',0,0,1,0,NULL,NULL,NULL,_binary '\0',_binary '\0',_binary '\0',_binary '',NULL,'2018-02-17 14:12:14','2020-02-13 21:05:55'),(458,'获取调度触发器列表树','列表树','GET,POST','/taskTrigger/getTaskTriggerTree',0,3,1,812,NULL,1,14,'TaskTrigger','id',0,_binary '',_binary '\0',_binary '',1,1,0,0,0,5,0,_binary '\0',0,0,1,0,NULL,NULL,NULL,_binary '\0',_binary '\0',_binary '\0',_binary '',NULL,'2018-02-17 14:12:14','2020-02-13 21:06:09'),(459,'手动触发调度','手动触发','POST','/taskTrigger/manualNew',0,5,1,812,NULL,1,16,'TaskTrigger','id',0,_binary '',_binary '\0',_binary '',1,1,0,0,0,5,0,_binary '\0',0,0,1,0,'schedule:taskTrigger:manualNew',NULL,NULL,_binary '\0',_binary '\0',_binary '\0',_binary '',NULL,'2018-02-17 14:12:14','2020-08-21 19:22:20'),(462,'获取用户消息详情','详情','GET','/userMessage/get',0,3,1,809,NULL,1,3,'UserMessage','id',0,_binary '',_binary '\0',_binary '',1,0,0,0,0,5,0,_binary '\0',0,0,1,0,NULL,NULL,NULL,_binary '\0',_binary '\0',_binary '\0',_binary '',NULL,'2018-02-17 14:12:14','2020-03-06 14:40:06'),(465,'重发用户消息','重发','GET','/userMessage/resend',0,5,1,809,NULL,1,5,'UserMessage','id',0,_binary '',_binary '\0',_binary '',1,1,0,0,0,5,0,_binary '\0',0,0,1,0,'log:userMessage:resend',NULL,NULL,_binary '\0',_binary '\0',_binary '\0',_binary '',NULL,'2018-02-17 14:12:14','2020-08-20 15:51:03'),(482,'获取业务类型树','业务类型树','GET,POST','/common/getBussTypeTree',0,3,1,785,NULL,1,0,'BussType','id',0,_binary '',_binary '\0',_binary '',1,0,0,0,0,5,0,_binary '\0',0,0,1,0,NULL,NULL,NULL,_binary '\0',_binary '\0',_binary '\0',_binary '',NULL,'2018-03-29 22:34:42','2020-03-08 14:53:35'),(483,'登录',NULL,'GET','/main/login',0,5,1,922,NULL,1,0,NULL,'id',0,_binary '',_binary '\0',_binary '',0,0,0,0,0,5,0,_binary '\0',0,0,1,0,NULL,NULL,NULL,_binary '\0',_binary '\0',_binary '\0',_binary '',NULL,'2018-03-29 22:34:42','2020-08-05 19:46:01'),(484,'个人设置-用户详情',NULL,'GET','/main/myInfo',0,3,1,657,NULL,1,0,'User','id',0,_binary '',_binary '\0',_binary '',1,0,0,0,0,5,0,_binary '\0',0,0,1,0,NULL,NULL,NULL,_binary '\0',_binary '\0',_binary '\0',_binary '',NULL,'2018-03-29 22:34:42','2020-01-30 13:12:20'),(490,'修改个人信息',NULL,'POST','/user/editMyInfo',0,1,1,657,NULL,1,0,'User','id',0,_binary '',_binary '\0',_binary '',1,0,0,0,0,5,0,_binary '\0',0,0,1,0,NULL,NULL,NULL,_binary '\0',_binary '\0',_binary '\0',_binary '',NULL,'2018-03-29 22:34:42','2020-01-30 13:12:27'),(491,'查询个人信息详情','个人信息详情','GET','/user/getMyInfo',0,3,1,657,NULL,1,3,'User','id',0,_binary '',_binary '\0',_binary '',1,0,0,0,0,5,0,_binary '\0',0,0,1,0,NULL,NULL,NULL,_binary '\0',_binary '\0',_binary '\0',_binary '',NULL,'2018-03-29 22:34:42','2020-02-13 20:17:34'),(497,'获取用户的消息详情','用户的消息详情','GET','/userMessage/getByUser',0,3,1,809,NULL,1,1,'UserMessage','id',0,_binary '',_binary '\0',_binary '',1,0,0,0,0,5,0,_binary '\0',0,0,1,0,NULL,NULL,NULL,_binary '\0',_binary '\0',_binary '\0',_binary '',NULL,'2018-03-29 22:34:42','2020-02-13 20:57:32'),(500,'登录验证',NULL,'POST','/main/loginAuth',0,5,1,922,NULL,1,0,NULL,'id',0,_binary '',_binary '\0',_binary '',0,0,0,0,0,5,0,_binary '\0',0,0,1,0,NULL,NULL,NULL,_binary '\0',_binary '\0',_binary '\0',_binary '',NULL,'2018-04-21 20:32:57','2020-08-05 19:46:08'),(517,'概要统计',NULL,'GET','/main/generalStat',1,4,0,657,'chart',1,0,'User','id',0,_binary '',_binary '\0',_binary '',1,0,0,0,0,5,0,_binary '\0',0,0,1,0,NULL,'dashboard/generalStat','generalStat',_binary '\0',_binary '',_binary '\0',_binary '','','2019-01-31 12:27:26','2020-10-01 09:29:10'),(534,'新增错误代码','新增','POST','/errorCodeDefine/create',0,0,1,814,NULL,1,0,'ErrorCodeDefine','id',0,_binary '',_binary '\0',_binary '',1,1,0,0,0,5,0,_binary '\0',0,0,1,0,'log:errorCodeDefine:create',NULL,NULL,_binary '\0',_binary '\0',_binary '\0',_binary '',NULL,'2019-04-21 19:38:33','2020-08-20 18:56:22'),(535,'修改错误代码','修改','POST','/errorCodeDefine/edit',0,1,1,814,NULL,1,1,'ErrorCodeDefine','id',0,_binary '',_binary '\0',_binary '',1,1,0,0,0,5,0,_binary '\0',0,0,1,0,'log:errorCodeDefine:edit',NULL,NULL,_binary '\0',_binary '\0',_binary '\0',_binary '',NULL,'2019-04-21 19:38:33','2020-08-20 18:56:29'),(536,'获取错误代码详情','详情','GET','/errorCodeDefine/get',0,3,1,814,NULL,1,4,'ErrorCodeDefine','id',0,_binary '',_binary '\0',_binary '',1,1,0,0,0,5,0,_binary '\0',0,0,1,0,NULL,NULL,NULL,_binary '\0',_binary '\0',_binary '\0',_binary '',NULL,'2019-04-21 19:38:33','2020-02-13 21:11:27'),(541,'执行花费时间统计','花费时间','GET','/taskLog/costTimeStat',0,5,0,810,'time-range',1,4,'TaskLog','id',0,_binary '',_binary '\0',_binary '',1,1,0,0,0,5,0,_binary '\0',0,0,1,0,'schedule:taskLog:costTimeStat','schedule/taskLog/costTimeStat','taskLog/costTimeStat',_binary '\0',_binary '',_binary '\0',_binary '',NULL,'2019-04-21 19:38:33','2020-08-21 10:38:30'),(542,'获取最后一次调度日志','最后一次调度日志','GET','/taskLog/getLastTaskLog',0,3,1,813,NULL,1,3,'TaskLog','id',0,_binary '',_binary '\0',_binary '',1,1,0,0,0,5,0,_binary '\0',0,0,1,0,NULL,NULL,NULL,_binary '\0',_binary '\0',_binary '\0',_binary '',NULL,'2019-04-21 19:38:33','2020-02-13 21:08:10'),(543,'修改调度服务器状态','修改状态','POST','/taskTrigger/changeScheduleStatus',0,1,1,812,NULL,1,0,'TaskServer','id',0,_binary '',_binary '\0',_binary '',1,1,0,0,0,5,0,_binary '\0',0,0,1,0,NULL,NULL,NULL,_binary '\0',_binary '\0',_binary '\0',_binary '',NULL,'2019-04-21 19:38:33','2020-02-13 21:02:24'),(581,'获取调度组树','调度组树','GET,POST','/taskTrigger/getTaskTriggerCategoryTree',0,3,1,812,NULL,1,2,'TaskServer','id',0,_binary '',_binary '\0',_binary '',1,1,0,0,0,5,0,_binary '\0',0,0,1,0,NULL,NULL,NULL,_binary '\0',_binary '\0',_binary '\0',_binary '',NULL,'2019-09-07 13:37:15','2020-02-13 21:06:37'),(601,'处理器详情','详情','GET','/handler/getHandlerInfo',0,5,1,818,NULL,1,1,'CommonRecord','id',0,_binary '',_binary '\0',_binary '',1,1,0,0,0,5,0,_binary '\0',0,0,1,0,'system:handler:getHandlerInfo',NULL,NULL,_binary '\0',_binary '\0',_binary '\0',_binary '',NULL,'2019-10-13 11:27:19','2020-08-22 16:42:26'),(603,'获取调度参数定义','参数定义','GET','/taskTrigger/getParaDefine',0,3,1,812,NULL,1,3,'TaskServer','id',0,_binary '',_binary '\0',_binary '',1,1,0,0,0,5,0,_binary '\0',0,0,1,0,NULL,NULL,NULL,_binary '\0',_binary '\0',_binary '\0',_binary '',NULL,'2019-10-13 11:27:19','2020-02-13 21:03:33'),(604,'获取调度信息','调度信息','GET','/taskTrigger/getScheduleInfo',0,3,1,812,NULL,1,4,'TaskTrigger','id',0,_binary '',_binary '\0',_binary '',1,1,0,0,0,5,0,_binary '\0',0,0,1,0,'schedule:taskTrigger:getScheduleInfo',NULL,NULL,_binary '\0',_binary '\0',_binary '\0',_binary '',NULL,'2019-10-13 11:27:19','2020-08-21 20:54:47'),(605,'刷新调度','刷新调度','POST','/taskTrigger/refreshSchedule',0,5,1,812,NULL,1,5,'TaskTrigger','id',0,_binary '',_binary '\0',_binary '',1,1,0,0,0,5,0,_binary '\0',0,0,1,0,'schedule:taskTrigger:refreshSchedule',NULL,NULL,_binary '\0',_binary '\0',_binary '\0',_binary '',NULL,'2019-10-13 11:27:19','2020-08-21 20:43:59'),(606,'获取用户评分','获取用户评分','GET','/user/getScore',0,3,1,800,NULL,1,0,'User','id',0,_binary '',_binary '\0',_binary '',1,0,0,0,0,5,0,_binary '\0',0,0,1,0,NULL,NULL,NULL,_binary '\0',_binary '\0',_binary '\0',_binary '',NULL,'2019-10-13 11:27:19','2020-02-13 22:04:08'),(607,'发送用户消息','发送','POST','/userMessage/send',0,0,1,809,NULL,1,0,'UserMessage','id',0,_binary '',_binary '\0',_binary '',1,1,0,0,0,5,0,_binary '\0',0,0,1,0,'log:userMessage:send',NULL,NULL,_binary '\0',_binary '\0',_binary '\0',_binary '',NULL,'2019-10-13 11:27:19','2020-08-20 15:50:52'),(632,'获取调度明细','明细','GET','/taskTrigger/getScheduleDetail',0,3,1,812,NULL,1,6,'TaskTrigger','id',0,_binary '',_binary '\0',_binary '',1,1,0,0,0,5,0,_binary '\0',0,0,1,0,NULL,NULL,NULL,_binary '\0',_binary '\0',_binary '\0',_binary '',NULL,'2019-12-28 08:17:10','2020-02-13 21:04:50'),(634,'错误页面','错误页面','GET','/error',0,5,1,785,NULL,1,0,'ErrorCodeDefine','id',0,_binary '',_binary '\0',_binary '',1,0,0,0,0,5,0,_binary '\0',0,0,1,0,NULL,NULL,NULL,_binary '\0',_binary '\0',_binary '\0',_binary '',NULL,'2019-12-29 13:31:23','2020-02-13 21:24:43'),(635,'操作日志树形统计','统计','GET','/operationLog/treeStat',0,4,0,806,'log',1,2,'OperationLog','id',0,_binary '',_binary '\0',_binary '',1,1,0,0,0,5,0,_binary '\0',0,0,1,0,'log:operationLog:treeStat','log/operationLog/treeStat','operationLog/treeStat',_binary '\0',_binary '',_binary '\0',_binary '',NULL,'2019-12-29 13:31:23','2020-09-28 23:30:45'),(636,'获取功能点映射实体树','映射实体树','GET,POST','/systemFunction/getDomainClassNamesTree',0,5,1,805,NULL,1,2,'SystemFunction','id',0,_binary '',_binary '\0',_binary '',1,1,0,0,0,5,0,_binary '\0',0,0,1,0,NULL,NULL,NULL,_binary '\0',_binary '\0',_binary '\0',_binary '',NULL,'2019-12-29 13:31:23','2020-02-13 20:41:54'),(637,'获取服务器树','服务器树','GET,POST','/taskServer/getTaskServerTree',0,5,1,811,NULL,1,0,'TaskServer','id',0,_binary '',_binary '\0',_binary '',1,1,0,0,0,5,0,_binary '\0',0,0,1,0,NULL,NULL,NULL,_binary '\0',_binary '\0',_binary '\0',_binary '',NULL,'2019-12-29 13:31:23','2020-03-08 14:53:12'),(657,'首页功能',NULL,'GET','/main/main.html',0,5,3,0,'dashboard',1,96,'User','id',0,_binary '',_binary '\0',_binary '',1,0,0,0,0,5,0,_binary '\0',0,0,1,0,NULL,'dashboard','main',_binary '\0',_binary '',_binary '\0',_binary '','','2019-12-30 13:51:37','2020-10-01 08:10:31'),(658,'处理器支持的命令列表','命令列表','GET','/handler/getSupportCmd',0,5,1,818,NULL,1,3,'CommonRecord','id',0,_binary '',_binary '\0',_binary '',1,1,0,0,0,5,0,_binary '\0',0,0,1,0,'system:handler:getSupportCmd',NULL,NULL,_binary '\0',_binary '\0',_binary '\0',_binary '',NULL,'2019-12-30 13:53:10','2020-08-22 16:42:45'),(659,'删除功能点','删除','POST','/systemFunction/delete',0,2,1,805,NULL,1,4,'SystemFunction','ids',0,_binary '',_binary '\0',_binary '',1,1,0,0,0,5,0,_binary '\0',0,0,1,0,'auth:systemFunction:delete',NULL,NULL,_binary '\0',_binary '\0',_binary '\0',_binary '',NULL,'2019-12-30 13:53:10','2020-08-05 13:57:18'),(694,'获取表记录数','表记录数','GET','/databaseClean/getCounts',0,3,1,816,NULL,1,3,'DatabaseClean','id',0,_binary '',_binary '\0',_binary '',1,1,0,0,0,5,0,_binary '\0',0,0,1,0,NULL,NULL,NULL,_binary '\0',_binary '\0',_binary '\0',_binary '',NULL,'2020-01-10 11:24:26','2020-02-13 21:15:34'),(695,'新增角色','新增','POST','/role/create',0,0,1,804,NULL,1,0,'Role','id',0,_binary '',_binary '\0',_binary '',1,1,0,0,0,5,0,_binary '\0',0,0,1,0,'auth:role:create',NULL,NULL,_binary '\0',_binary '\0',_binary '\0',_binary '',NULL,'2020-01-10 11:24:26','2020-08-05 20:58:25'),(696,'修改角色','修改','POST','/role/edit',0,1,1,804,NULL,1,1,'Role','id',0,_binary '',_binary '\0',_binary '',1,1,0,0,0,5,0,_binary '\0',0,0,1,0,'auth:role:edit',NULL,NULL,_binary '\0',_binary '\0',_binary '\0',_binary '',NULL,'2020-01-10 11:24:26','2020-08-05 20:58:35'),(697,'获取角色详情','详情','GET','/role/get',0,3,1,804,NULL,1,2,'Role','id',0,_binary '',_binary '\0',_binary '',1,1,0,0,0,5,0,_binary '\0',0,0,1,0,NULL,NULL,NULL,_binary '\0',_binary '\0',_binary '\0',_binary '',NULL,'2020-01-10 11:24:26','2020-02-13 20:39:20'),(698,'获取角色列表','列表','GET','/role/getData2',0,3,1,804,NULL,1,4,'Role','id',0,_binary '',_binary '\0',_binary '',1,1,0,0,0,5,0,_binary '\0',0,0,1,0,NULL,NULL,NULL,_binary '\0',_binary '\0',_binary '\0',_binary '',NULL,'2020-01-10 11:24:26','2020-02-13 20:39:25'),(699,'获取角色功能点树','获取角色功能点树','GET,POST','/role/getRoleFunctionTree',0,3,1,804,NULL,1,5,'RoleFunction','id',0,_binary '',_binary '\0',_binary '',1,1,0,0,0,5,0,_binary '\0',0,0,1,0,NULL,NULL,NULL,_binary '\0',_binary '\0',_binary '\0',_binary '',NULL,'2020-01-10 11:24:26','2020-02-13 20:39:30'),(700,'刷新角色的缓存','刷新缓存','POST','/role/refreshSystemConfig',0,5,1,804,NULL,1,6,'RoleFunction','id',0,_binary '',_binary '\0',_binary '',1,1,0,0,0,5,0,_binary '\0',0,0,1,0,'auth:role:refreshSystemConfig',NULL,NULL,_binary '\0',_binary '\0',_binary '\0',_binary '',NULL,'2020-01-10 11:24:26','2020-08-20 10:25:23'),(701,'保存角色的功能点信息','保存功能点信息','POST','/role/saveRoleFunction',0,1,1,804,NULL,1,6,'RoleFunction','id',0,_binary '',_binary '\0',_binary '',1,1,0,0,0,5,0,_binary '\0',0,0,1,0,NULL,NULL,NULL,_binary '\0',_binary '\0',_binary '\0',_binary '',NULL,'2020-01-10 11:24:26','2020-02-13 20:39:39'),(702,'修改用户角色','修改用户角色','POST','/role/saveUserRole',0,1,1,804,NULL,1,7,'UserRole','id',0,_binary '',_binary '\0',_binary '',1,1,0,0,0,5,0,_binary '\0',0,0,1,0,NULL,NULL,NULL,_binary '\0',_binary '\0',_binary '\0',_binary '',NULL,'2020-01-10 11:24:27','2020-02-13 20:39:44'),(703,'重做调度日志','重做','GET','/taskLog/redo',0,5,1,813,NULL,1,4,'TaskLog','id',0,_binary '',_binary '\0',_binary '',1,1,0,0,0,5,0,_binary '\0',0,0,1,0,'schedule:taskLog:redo',NULL,NULL,_binary '\0',_binary '\0',_binary '\0',_binary '',NULL,'2020-01-10 11:24:27','2020-08-21 09:49:27'),(704,'线程详情','详情','GET','/thread/getThreadInfo',0,5,1,817,NULL,1,2,'CommonRecord','id',0,_binary '',_binary '\0',_binary '',1,1,0,0,0,5,0,_binary '\0',0,0,1,0,'system:thread:getThreadInfo',NULL,NULL,_binary '\0',_binary '\0',_binary '\0',_binary '',NULL,'2020-01-10 11:24:27','2020-08-22 16:19:25'),(705,'获取用户角色列表','用户角色列表','GET,POST','/user/getUserRoleTree',0,3,1,800,NULL,1,1,'UserRole','id',0,_binary '',_binary '\0',_binary '',1,1,0,0,0,5,0,_binary '\0',0,0,1,0,NULL,NULL,NULL,_binary '\0',_binary '\0',_binary '\0',_binary '',NULL,'2020-01-10 11:24:27','2020-02-13 20:14:19'),(714,'城市列表','城市列表','GET,POST','/city/getCityList',0,3,1,785,NULL,1,0,'City','id',0,_binary '',_binary '\0',_binary '',1,0,0,0,0,5,0,_binary '\0',0,0,1,0,NULL,NULL,NULL,_binary '\0',_binary '\0',_binary '\0',_binary '',NULL,'2020-01-19 15:01:44','2020-08-10 21:33:09'),(715,'获取枚举值树','删除','GET,POST','/common/getEnumTree',0,0,1,785,NULL,1,1,'CommonRecord','id',0,_binary '',_binary '\0',_binary '',1,0,0,0,0,5,0,_binary '\0',0,0,1,0,NULL,NULL,NULL,_binary '\0',_binary '\0',_binary '\0',_binary '',NULL,'2020-01-19 15:01:44','2020-03-07 09:48:03'),(716,'区县列表','区县列表','GET,POST','/district/getDistrictList',0,5,1,785,NULL,1,1,'District','id',0,_binary '',_binary '\0',_binary '',1,0,0,0,0,5,0,_binary '\0',0,0,1,0,NULL,NULL,NULL,_binary '\0',_binary '\0',_binary '\0',_binary '',NULL,'2020-01-19 15:01:45','2020-08-10 21:33:22'),(717,'刷新错误代码缓存','刷新缓存','POST','/errorCodeDefine/reloadCacheConfig',0,5,1,814,NULL,1,5,'ErrorCodeDefine','id',0,_binary '',_binary '\0',_binary '',1,1,0,0,0,5,0,_binary '\0',0,0,1,0,'log:errorCodeDefine:reloadCacheConfig',NULL,NULL,_binary '\0',_binary '\0',_binary '\0',_binary '',NULL,'2020-01-19 15:01:45','2020-08-20 19:26:43'),(720,'获取二次认证详情','二次认证详情','GET','/main/getSecAuthInfo',0,5,1,657,NULL,1,0,'User','id',0,_binary '',_binary '\0',_binary '',1,0,0,0,0,5,0,_binary '\0',0,0,1,0,NULL,NULL,NULL,_binary '\0',_binary '\0',_binary '\0',_binary '',NULL,'2020-01-19 15:01:45','2020-02-13 21:32:40'),(721,'二次认证','二次认证','POST','/main/secAuth',0,5,1,657,NULL,1,1,'User','id',0,_binary '',_binary '\0',_binary '',1,0,0,0,0,5,0,_binary '\0',0,0,1,0,NULL,NULL,NULL,_binary '\0',_binary '\0',_binary '\0',_binary '',NULL,'2020-01-19 15:01:45','2020-02-13 21:32:59'),(722,'发送二次认证码','发送二次认证码','POST','/main/sendSecAuthCode',0,5,1,657,NULL,1,2,'User','id',0,_binary '',_binary '\0',_binary '',1,0,0,0,0,5,0,_binary '\0',0,0,1,0,NULL,NULL,NULL,_binary '\0',_binary '\0',_binary '\0',_binary '',NULL,'2020-01-19 15:01:45','2020-02-13 21:33:24'),(724,'获取全部省列表','省列表','GET,POST','/province/getAll',0,3,1,785,NULL,1,4,'Province','id',0,_binary '',_binary '\0',_binary '',1,0,0,0,0,5,0,_binary '\0',0,0,1,0,NULL,NULL,NULL,_binary '\0',_binary '\0',_binary '\0',_binary '',NULL,'2020-01-19 15:01:45','2020-08-10 21:32:55'),(727,'系统信息统计','统计','GET','/system/stat',0,5,1,819,NULL,1,1,'CommonRecord','id',0,_binary '',_binary '\0',_binary '',1,1,0,0,0,5,0,_binary '\0',0,0,1,0,NULL,NULL,NULL,_binary '\0',_binary '\0',_binary '\0',_binary '',NULL,'2020-01-19 15:01:45','2020-02-13 21:23:25'),(728,'修改用户微信信息','修改微信信息','POST','/user/editUserWxpayInfo',0,1,1,800,NULL,1,2,'UserWxpayInfo','id',0,_binary '',_binary '\0',_binary '',1,1,0,0,0,5,0,_binary '\0',0,0,1,0,NULL,NULL,NULL,_binary '\0',_binary '\0',_binary '\0',_binary '',NULL,'2020-01-19 15:01:45','2020-02-13 20:14:48'),(729,'获取系统监控配置','获取系统监控配置','GET,POST','/user/getSystemMonitorTree',0,3,1,800,NULL,1,3,'SystemMonitorUser','id',0,_binary '',_binary '\0',_binary '',1,1,0,0,0,5,0,_binary '\0',0,0,1,0,NULL,NULL,NULL,_binary '\0',_binary '\0',_binary '\0',_binary '',NULL,'2020-01-19 15:01:45','2020-02-13 20:15:22'),(730,'获取用户微信信息','获取微信信息','GET','/user/getUserWxpayInfo',0,3,1,800,NULL,1,4,'UserWxpayInfo','id',0,_binary '',_binary '\0',_binary '',1,0,0,0,0,5,0,_binary '\0',0,0,1,0,NULL,NULL,NULL,_binary '\0',_binary '\0',_binary '\0',_binary '',NULL,'2020-01-19 15:01:45','2020-02-13 20:15:47'),(731,'强制离线','强制离线','POST','/user/offline',0,0,1,800,NULL,1,5,'User','id',0,_binary '',_binary '\0',_binary '',1,1,0,0,0,5,0,_binary '\0',0,0,1,0,'auth:user:offline',NULL,NULL,_binary '\0',_binary '\0',_binary '\0',_binary '',NULL,'2020-01-19 15:01:45','2020-08-20 09:30:12'),(732,'修改用户系统监控配置','修改系统监控配置','POST','/user/saveSystemMonitor',0,1,1,800,NULL,1,5,'SystemMonitorUser','id',0,_binary '',_binary '\0',_binary '',1,1,0,0,0,5,0,_binary '\0',0,0,1,0,NULL,NULL,NULL,_binary '\0',_binary '\0',_binary '\0',_binary '',NULL,'2020-01-19 15:01:45','2020-02-13 20:19:02'),(745,'清空表数据','清空','GET','/databaseClean/truncate',0,5,1,816,NULL,1,4,'DatabaseClean','id',0,_binary '',_binary '\0',_binary '',1,1,0,0,0,5,0,_binary '\0',0,0,1,0,NULL,NULL,NULL,_binary '\0',_binary '\0',_binary '\0',_binary '',NULL,'2020-02-13 09:49:47','2020-02-13 21:16:01'),(746,'获取数据字典项数','字典项数','GET,POST','/dictItem/getDictItemTree',0,3,1,1000,NULL,1,0,'DictItem','id',0,_binary '',_binary '\0',_binary '',1,0,0,0,0,5,0,_binary '\0',0,0,1,0,NULL,NULL,NULL,_binary '\0',_binary '\0',_binary '\0',_binary '',NULL,'2020-02-13 09:49:47','2020-08-24 22:22:00'),(748,'格式化用户信息','格式化','POST','/user/deleteUserData',0,1,1,800,NULL,1,7,'User','id',0,_binary '',_binary '\0',_binary '',1,1,0,0,0,5,0,_binary '\0',0,0,1,0,'auth:user:deleteUserData',NULL,NULL,_binary '\0',_binary '\0',_binary '\0',_binary '',NULL,'2020-02-13 09:49:47','2020-08-20 09:30:33'),(749,'初始化用户数据','初始化','POST','/user/initUserData',0,1,1,800,NULL,1,8,'User','id',0,_binary '',_binary '\0',_binary '',1,1,0,0,0,5,0,_binary '\0',0,0,1,0,'auth:user:initUserData',NULL,NULL,_binary '\0',_binary '\0',_binary '\0',_binary '',NULL,'2020-02-13 09:49:47','2020-08-20 09:30:46'),(751,'获取当前用户的消息列表','当前用户的消息列表','GET','/userMessage/getMyList',0,0,1,809,NULL,1,0,'UserMessage','id',0,_binary '',_binary '\0',_binary '',1,0,0,0,0,5,0,_binary '\0',0,0,1,0,NULL,NULL,NULL,_binary '\0',_binary '\0',_binary '\0',_binary '',NULL,'2020-02-13 09:49:47','2020-02-13 20:57:09'),(757,'获取用户微信支付详情','用户微信支付详情','GET','/wechat/getUserWxpayInfo',0,3,1,994,NULL,1,0,'UserWxpayInfo','id',0,_binary '',_binary '\0',_binary '',0,0,0,0,0,5,0,_binary '\0',0,0,1,0,NULL,NULL,NULL,_binary '\0',_binary '\0',_binary '\0',_binary '',NULL,'2020-02-13 09:49:47','2020-08-27 07:39:35'),(758,'获取微信APP信息','微信APP信息','GET','/wechat/getWxAppInfo',0,3,1,826,NULL,1,1,'UserWxpayInfo','id',0,_binary '',_binary '\0',_binary '',0,0,0,0,0,5,0,_binary '\0',0,0,1,0,NULL,NULL,NULL,_binary '\0',_binary '\0',_binary '\0',_binary '',NULL,'2020-02-13 09:49:47','2020-06-12 11:08:32'),(785,'通用模块','通用模块','GET','cc',0,5,3,0,NULL,1,99,'CommonRecord','id',0,_binary '',_binary '\0',_binary '',1,0,0,0,0,5,0,_binary '\0',0,0,1,0,NULL,NULL,NULL,_binary '\0',_binary '\0',_binary '\0',_binary '',NULL,'2020-02-13 16:02:50',NULL),(799,'权限管理','权限管理','GET','auth',0,5,3,0,'auth',1,15,'User','id',0,_binary '',_binary '\0',_binary '',1,1,0,0,0,5,0,_binary '\0',0,0,1,0,NULL,'auth','auth',_binary '',_binary '',_binary '\0',_binary '',NULL,'2020-02-13 20:04:18','2020-10-12 22:00:59'),(800,'用户管理','用户列表','GET','/user/getData',0,5,0,799,'people',1,1,'User','id',0,_binary '',_binary '\0',_binary '',1,1,0,0,0,5,0,_binary '\0',0,0,1,0,'auth:user:query','auth/user/index','user',_binary '',_binary '',_binary '\0',_binary '',NULL,'2020-02-13 20:05:14','2020-08-19 14:21:17'),(804,'角色管理','角色','GET','/role/getData',0,5,0,799,'role',1,2,'Role','id',0,_binary '',_binary '\0',_binary '',1,1,0,0,0,5,0,_binary '\0',0,0,1,0,'auth:role:query','auth/role/index','role',_binary '',_binary '',_binary '\0',_binary '',NULL,'2020-02-13 20:35:39','2020-10-12 22:01:17'),(805,'功能管理','功能点管理','GET','/auth/systemFunctionList.html',0,5,0,799,'function',1,3,'SystemFunction','id',0,_binary '',_binary '\0',_binary '',1,1,0,0,0,5,0,_binary '\0',0,0,1,0,NULL,'auth/systemFunction/index','systemFunction',_binary '',_binary '',_binary '\0',_binary '',NULL,'2020-02-13 20:40:35','2020-10-12 22:01:28'),(806,'日志管理','日志管理','GET','log',0,5,3,0,'log',1,16,'SystemLog','id',0,_binary '',_binary '\0',_binary '',1,1,0,0,0,5,0,_binary '\0',0,0,1,0,NULL,'log','log',_binary '',_binary '',_binary '\0',_binary '',NULL,'2020-02-13 20:44:47','2020-08-20 10:29:24'),(807,'操作日志管理','操作日志管理','GET','/operationLog/getData',0,5,0,806,'log',1,1,'OperationLog','id',0,_binary '',_binary '\0',_binary '',1,1,0,0,0,5,0,_binary '\0',0,0,1,0,'log:operationLog:query','log/operationLog/index','operationLog',_binary '',_binary '',_binary '\0',_binary '',NULL,'2020-02-13 20:49:15','2021-03-29 17:25:19'),(808,'系统日志管理','系统日志','GET','/systemLog/getData',0,5,0,806,'log',1,3,'SystemLog','id',0,_binary '',_binary '\0',_binary '',1,1,0,0,0,5,0,_binary '\0',0,0,1,0,'log:systemLog:query','log/systemLog/index','systemLog',_binary '',_binary '',_binary '\0',_binary '',NULL,'2020-02-13 20:53:02','2020-08-20 14:55:14'),(809,'用户消息管理','用户消息管理','GET','/userMessage/getData',0,0,0,806,'message',1,4,'UserMessage','id',0,_binary '',_binary '\0',_binary '',1,1,0,0,0,5,0,_binary '\0',0,0,1,0,'log:userMessage:query','log/userMessage/index','userMessage',_binary '',_binary '',_binary '\0',_binary '',NULL,'2020-02-13 20:55:18','2020-08-20 15:50:26'),(810,'调度管理','调度管理','GET','schedule',0,5,3,0,'time-range',1,17,'TaskServer','id',0,_binary '',_binary '\0',_binary '',1,1,0,0,0,5,0,_binary '\0',0,0,1,0,NULL,'schedule','schedule',_binary '',_binary '',_binary '\0',_binary '',NULL,'2020-02-13 20:58:35','2020-08-20 20:47:28'),(811,'调度服务器','服务器管理','GET','/taskServer/getData',0,5,0,810,'time-range',1,1,'TaskServer','id',0,_binary '',_binary '\0',_binary '',1,1,0,0,0,5,0,_binary '\0',0,0,1,0,'schedule:taskServer:query','schedule/taskServer/index','taskServer',_binary '',_binary '',_binary '\0',_binary '',NULL,'2020-02-13 20:59:26','2020-08-21 09:49:02'),(812,'调度管理','调度管理','GET','/taskTrigger/getData',0,5,0,810,'time-range',1,2,'TaskTrigger','id',0,_binary '',_binary '\0',_binary '',1,1,0,0,0,5,0,_binary '\0',0,0,1,0,'schedule:taskTrigger:query','schedule/taskTrigger/index','taskTrigger',_binary '',_binary '',_binary '\0',_binary '',NULL,'2020-02-13 21:01:49','2020-08-20 21:11:12'),(813,'调度日志','调度日志','GET','/taskLog/getData',0,5,0,810,'time-range',1,3,'TaskLog','id',0,_binary '',_binary '\0',_binary '',1,1,0,0,0,5,0,_binary '\0',0,0,1,0,'schedule:taskLog:query','schedule/taskLog','taskLog',_binary '',_binary '',_binary '\0',_binary '',NULL,'2020-02-13 21:07:17','2020-08-21 09:50:28'),(814,'错误代码管理','错误代码管理','GET','/errorCodeDefine/getData',0,5,0,806,'bug',1,5,'ErrorCodeDefine','id',0,_binary '',_binary '\0',_binary '',1,1,0,0,0,5,0,_binary '\0',0,0,1,0,'log:errorCodeDefine:query','log/errorCodeDefine/index','errorCodeDefine',_binary '',_binary '',_binary '\0',_binary '',NULL,'2020-02-13 21:10:12','2020-08-20 16:50:06'),(815,'系统管理','系统管理','GET','system',0,5,3,0,'server',1,18,'DatabaseClean','id',0,_binary '',_binary '\0',_binary '',1,1,0,0,0,5,0,_binary '\0',0,0,1,0,NULL,'system','system',_binary '',_binary '',_binary '\0',_binary '',NULL,'2020-02-13 21:12:46','2020-08-22 06:36:30'),(816,'数据库清理','数据库清理','GET','/databaseClean/getData',0,5,0,815,'database',1,2,'DatabaseClean','id',0,_binary '',_binary '\0',_binary '',1,1,0,0,0,5,0,_binary '\0',0,0,1,0,'system:databaseClean:query','system/databaseClean/index','databaseClean',_binary '',_binary '',_binary '\0',_binary '',NULL,'2020-02-13 21:13:34','2020-10-12 22:09:23'),(817,'线程管理','线程管理','GET','/thread/getData',0,5,0,815,'logininfor',1,3,'CommonRecord','id',0,_binary '',_binary '\0',_binary '',1,1,0,0,0,5,0,_binary '\0',0,0,1,0,'system:thread:query','system/thread/index','thread',_binary '',_binary '',_binary '\0',_binary '',NULL,'2020-02-13 21:17:12','2020-08-22 16:41:25'),(818,'处理器管理','处理器管理','GET','/handler/getData',0,5,0,815,'documentation',1,4,'CommonRecord','id',0,_binary '',_binary '\0',_binary '',1,1,0,0,0,5,0,_binary '\0',0,0,1,0,'system:handler:query','system/handler/index','handler',_binary '',_binary '',_binary '\0',_binary '',NULL,'2020-02-13 21:19:01','2020-08-22 16:42:16'),(819,'系统监控','系统监控','GET','/system/getSystemDetail',0,5,0,815,'monitor',1,5,'CommonRecord','id',0,_binary '',_binary '\0',_binary '',1,1,0,0,0,5,0,_binary '\0',0,0,1,0,'system:systemMonitor:query','system/systemMonitor/index','systemMonitor',_binary '',_binary '',_binary '\0',_binary '',NULL,'2020-02-13 21:21:22','2020-08-22 17:59:50'),(826,'微信管理','微信管理','GET','wechat',0,5,3,0,'wechat',1,97,'UserWxpayInfo','id',0,_binary '',_binary '\0',_binary '',1,0,0,0,0,5,0,_binary '\0',0,0,1,0,NULL,NULL,NULL,_binary '\0',_binary '\0',_binary '\0',_binary '',NULL,'2020-02-13 21:47:30','2020-10-12 22:18:42'),(828,'获取微信授权','获取微信授权','GET','/wechat/getWxJsapiAuth',0,0,1,826,NULL,1,0,'UserWxpayInfo','id',0,_binary '',_binary '\0',_binary '',0,0,0,0,0,5,0,_binary '\0',0,0,1,0,NULL,NULL,NULL,_binary '\0',_binary '\0',_binary '\0',_binary '',NULL,'2020-03-01 11:25:07','2020-06-12 11:08:59'),(830,'删除用户消息','删除','POST','/userMessage/delete',0,2,1,809,NULL,1,0,'UserMessage','ids',0,_binary '',_binary '\0',_binary '',1,0,0,0,0,5,0,_binary '\0',0,0,1,0,'log:userMessage:delete',NULL,NULL,_binary '\0',_binary '\0',_binary '\0',_binary '',NULL,'2020-03-07 09:50:30','2020-08-20 15:50:38'),(833,'获取用户评分比对','评分比对','GET','/user/getScoreCompare',0,3,1,800,NULL,1,0,'UserScore','id',0,_binary '',_binary '\0',_binary '',1,0,0,0,0,5,0,_binary '\0',0,0,1,0,NULL,NULL,NULL,_binary '\0',_binary '\0',_binary '\0',_binary '',NULL,'2020-03-18 09:18:23',NULL),(834,'获取常驻城市','常驻城市','GET','/user/getResidentCity',0,3,1,800,NULL,1,0,'UserSetting','id',0,_binary '',_binary '\0',_binary '',1,0,0,0,0,5,0,_binary '\0',0,0,1,0,NULL,NULL,NULL,_binary '\0',_binary '\0',_binary '\0',_binary '',NULL,'2020-03-18 09:56:13',NULL),(846,'系统维护','系统维护','GET','/commandConfig/getData',0,0,0,815,'tool',1,6,'DatabaseClean','id',0,_binary '',_binary '\0',_binary '',1,1,0,0,0,5,0,_binary '\0',0,0,1,1,'system:commandConfig:query','system/commandConfig/index','commandConfig',_binary '',_binary '',_binary '\0',_binary '',NULL,'2020-06-07 08:28:24','2020-09-06 17:13:31'),(847,'发送命令','发送命令','POST','/commandConfig/sendCmd',0,5,1,846,NULL,1,0,'DatabaseClean','id',0,_binary '',_binary '\0',_binary '',1,1,0,0,0,5,0,_binary '\0',0,0,1,1,'system:commandConfig:sendCmd',NULL,NULL,_binary '\0',_binary '\0',_binary '\0',_binary '',NULL,'2020-06-07 08:29:08','2020-08-23 07:44:12'),(849,'获取调度日志详情','详情','GET','/taskLog/get',0,3,1,813,NULL,1,0,'TaskLog','id',0,_binary '',_binary '\0',_binary '',1,1,0,0,0,5,0,_binary '\0',0,0,1,0,NULL,NULL,NULL,_binary '\0',_binary '\0',_binary '\0',_binary '',NULL,'2020-06-07 10:58:13',NULL),(850,'备份管理','备份管理','GET','/backup/getData',0,5,0,815,'excel',1,7,'SystemLog','id',0,_binary '',_binary '\0',_binary '',1,1,0,0,0,5,0,_binary '\0',0,0,1,0,'system:backup:query','system/backup/index','backup',_binary '',_binary '',_binary '\0',_binary '',NULL,'2020-06-07 17:45:01','2020-08-24 18:09:59'),(863,'公众号回调','公众号回调','GET,POST','/wechat/wx_mp_notify',0,5,1,826,NULL,1,0,'WorkOvertime','id',0,_binary '\0',_binary '\0',_binary '',0,0,0,0,0,5,0,_binary '\0',0,0,1,0,NULL,NULL,NULL,_binary '\0',_binary '\0',_binary '\0',_binary '',NULL,'2020-06-12 11:03:42','2020-06-12 11:33:06'),(864,'获取微信授权地址','获取微信授权地址','GET','/wechat/wx_auth_access_url',0,5,1,826,NULL,1,0,'UserWxpayInfo','id',0,_binary '',_binary '\0',_binary '',0,0,0,0,0,5,0,_binary '\0',0,0,1,0,NULL,NULL,NULL,_binary '\0',_binary '\0',_binary '\0',_binary '',NULL,'2020-06-12 13:12:32',NULL),(903,'获取路由','获取路由','GET','/main/getRouters',0,0,1,657,NULL,1,0,'User','id',0,_binary '',_binary '\0',_binary '',1,0,0,0,0,5,0,_binary '\0',0,0,1,0,NULL,NULL,NULL,_binary '\0',_binary '\0',_binary '\0',_binary '',NULL,'2020-07-23 10:25:15',NULL),(904,'获取验证码','获取验证码','GET','/captcha/captchaImage',0,3,1,657,NULL,1,0,'User','id',0,_binary '',_binary '\0',_binary '',0,0,0,0,0,5,0,_binary '\0',0,0,1,0,NULL,NULL,NULL,_binary '\0',_binary '\0',_binary '\0',_binary '',NULL,'2020-07-23 10:25:56','2020-08-26 08:16:34'),(905,'登出','登出','POST','/main/logout',0,5,1,657,NULL,1,0,'User','id',0,_binary '',_binary '\0',_binary '',0,0,0,0,0,5,0,_binary '\0',0,0,1,0,NULL,NULL,NULL,_binary '\0',_binary '\0',_binary '\0',_binary '',NULL,'2020-07-23 11:22:05',NULL),(906,'获取个人信息授权信息',NULL,'GET','/user/getMyInfoWithPerms',0,3,1,657,NULL,1,0,'User','id',0,_binary '',_binary '\0',_binary '',1,0,0,0,0,5,0,_binary '\0',0,0,1,0,NULL,NULL,NULL,_binary '',_binary '\0',_binary '\0',_binary '',NULL,'2020-07-24 21:37:35',NULL),(920,'获取功能点列表',NULL,'GET','/systemFunction/getList',0,3,1,805,NULL,1,0,'SystemFunction','id',0,_binary '',_binary '\0',_binary '',1,0,0,0,0,5,0,_binary '\0',0,0,1,0,NULL,NULL,NULL,_binary '',_binary '\0',_binary '\0',_binary '',NULL,'2020-08-05 14:01:50',NULL),(922,'安全模块',NULL,'POST','login',0,0,0,0,'system',1,97,'User','id',0,_binary '',_binary '\0',_binary '',0,0,0,0,0,5,0,_binary '\0',0,0,1,0,NULL,NULL,NULL,_binary '',_binary '\0',_binary '\0',_binary '',NULL,'2020-08-05 19:45:17','2020-08-05 19:49:13'),(924,'删除角色',NULL,'POST','/role/delete',0,2,1,804,'icon',1,0,'Role','ids',0,_binary '',_binary '\0',_binary '',1,1,0,0,0,5,0,_binary '\0',0,0,1,0,'auth:role:delete',NULL,NULL,_binary '',_binary '\0',_binary '\0',_binary '',NULL,'2020-08-05 21:11:48',NULL),(956,'获取枚举类树',NULL,'GET','/common/getEnumClassNamesTree',0,0,1,785,'icon',1,0,'AccountSnapshotInfo','id',0,_binary '',_binary '\0',_binary '',1,0,0,0,0,5,0,_binary '\0',0,0,1,0,NULL,NULL,NULL,_binary '\0',_binary '\0',_binary '\0',_binary '',NULL,'2020-08-14 10:18:37',NULL),(958,'获取数据字段组树',NULL,'GET','/dictGroup/getDictGroupTree',0,3,1,999,'icon',1,0,'DictGroup','id',0,_binary '',_binary '\0',_binary '',1,0,0,0,0,5,0,_binary '\0',0,0,1,0,NULL,NULL,NULL,_binary '\0',_binary '\0',_binary '\0',_binary '',NULL,'2020-08-14 10:34:51','2020-08-24 22:19:53'),(974,'新增用户',NULL,'POST','/user/create',0,0,1,800,'icon',1,0,'User','id',0,_binary '',_binary '\0',_binary '',1,0,0,0,0,5,0,_binary '\0',0,0,1,0,'auth:user:create',NULL,NULL,_binary '\0',_binary '\0',_binary '\0',_binary '',NULL,'2020-08-19 17:17:20',NULL),(975,'删除用户',NULL,'POST','/user/delete',0,2,1,800,'icon',1,0,'User','id',0,_binary '',_binary '\0',_binary '',1,0,0,0,0,5,0,_binary '\0',0,0,1,0,'auth:user:delete',NULL,NULL,_binary '\0',_binary '\0',_binary '\0',_binary '',NULL,'2020-08-19 17:17:53',NULL),(976,'获取操作对象值',NULL,'GET','/systemLog/getBeanDetail',0,0,1,808,'icon',1,0,'SystemLog','id',0,_binary '',_binary '\0',_binary '',1,0,0,0,0,5,0,_binary '\0',0,0,1,0,'log:systemLog:getBeanDetail',NULL,NULL,_binary '\0',_binary '\0',_binary '\0',_binary '',NULL,'2020-08-20 15:05:02',NULL),(977,'删除错误代码',NULL,'POST','/errorCodeDefine/delete',0,2,1,814,'icon',1,0,'ErrorCodeDefine','id',0,_binary '',_binary '\0',_binary '',1,0,0,0,0,5,0,_binary '\0',0,0,1,0,'log:errorCodeDefine:delete',NULL,NULL,_binary '\0',_binary '\0',_binary '\0',_binary '',NULL,'2020-08-20 18:57:06',NULL),(978,'重置总次数',NULL,'POST','/taskTrigger/resetTotalCount',0,5,1,812,'icon',1,0,'TaskTrigger','id',0,_binary '',_binary '\0',_binary '',1,0,0,0,0,5,0,_binary '\0',0,0,1,0,'schedule:taskTrigger:resetTotalCount',NULL,NULL,_binary '\0',_binary '\0',_binary '\0',_binary '',NULL,'2020-08-21 12:21:40',NULL),(979,'重置总失败次数',NULL,'POST','/taskTrigger/resetFailCount',0,5,1,812,'icon',1,0,'TaskTrigger','id',0,_binary '',_binary '\0',_binary '',1,0,0,0,0,5,0,_binary '\0',0,0,1,0,'schedule:taskTrigger:resetFailCount',NULL,NULL,_binary '\0',_binary '\0',_binary '\0',_binary '',NULL,'2020-08-21 12:22:23',NULL),(980,'新增配置',NULL,'POST','/databaseClean/create',0,0,1,816,'icon',1,0,'DatabaseClean','id',0,_binary '',_binary '\0',_binary '',1,0,0,0,0,5,0,_binary '\0',0,0,1,0,'system:databaseClean:create',NULL,NULL,_binary '\0',_binary '\0',_binary '\0',_binary '',NULL,'2020-08-22 14:59:06',NULL),(981,'删除配置',NULL,'POST','/databaseClean/delete',0,2,1,816,'icon',1,0,'DatabaseClean','id',0,_binary '',_binary '\0',_binary '',1,0,0,0,0,5,0,_binary '\0',0,0,1,0,'system:databaseClean:delete',NULL,NULL,_binary '\0',_binary '\0',_binary '\0',_binary '',NULL,'2020-08-22 14:59:39',NULL),(982,'手动清理',NULL,'POST','/databaseClean/manualClean',0,2,1,816,'icon',1,0,'DatabaseClean','id',0,_binary '',_binary '\0',_binary '',1,0,0,0,0,5,0,_binary '\0',0,0,1,0,'system:databaseClean:manualClean',NULL,NULL,_binary '\0',_binary '\0',_binary '\0',_binary '',NULL,'2020-08-22 16:02:37',NULL),(983,'处理命令',NULL,'POST','/handler/handCmd',0,5,1,818,'icon',1,0,'Account','id',0,_binary '',_binary '\0',_binary '',1,0,0,0,0,5,0,_binary '\0',0,0,1,0,'system:handler:handCmd',NULL,NULL,_binary '\0',_binary '\0',_binary '\0',_binary '',NULL,'2020-08-22 17:06:14',NULL),(984,'自检',NULL,'POST','/handler/check',0,0,1,818,'icon',1,0,'Account','id',0,_binary '',_binary '\0',_binary '',1,0,0,0,0,5,0,_binary '\0',0,0,1,0,'system:handler:check',NULL,NULL,_binary '\0',_binary '\0',_binary '\0',_binary '',NULL,'2020-08-22 17:13:15',NULL),(985,'重新加载',NULL,'POST','/handler/reload',0,0,1,818,'icon',1,0,'Account','id',0,_binary '',_binary '\0',_binary '',1,0,0,0,0,5,0,_binary '\0',0,0,1,0,'system:handler:reload',NULL,NULL,_binary '\0',_binary '\0',_binary '\0',_binary '',NULL,'2020-08-22 17:13:41',NULL),(989,'获取用户快捷菜单',NULL,'GET','/fastMenu/getList',0,3,1,994,'icon',1,0,'FastMenu','id',0,_binary '',_binary '\0',_binary '',1,0,0,0,0,5,0,_binary '\0',0,0,1,0,NULL,NULL,NULL,_binary '\0',_binary '\0',_binary '\0',_binary '',NULL,'2020-08-24 09:03:56','2020-08-24 14:12:44'),(990,'上传头像',NULL,'POST','/user/uploadAvatar',0,0,1,994,'icon',1,0,'User','id',0,_binary '',_binary '\0',_binary '',1,0,0,0,0,5,0,_binary '\0',0,0,1,0,'system:user:uploadAvatar',NULL,NULL,_binary '\0',_binary '\0',_binary '\0',_binary '',NULL,'2020-08-24 10:08:51','2020-08-24 14:13:01'),(991,'获取用户个人信息',NULL,'GET','/user/getProfile',0,3,1,994,'icon',1,0,'User','id',0,_binary '',_binary '\0',_binary '',1,0,0,0,0,5,0,_binary '\0',0,0,1,0,NULL,NULL,NULL,_binary '\0',_binary '\0',_binary '\0',_binary '',NULL,'2020-08-24 11:12:16','2020-08-24 14:13:15'),(992,'修改用户信息',NULL,'POST','/user/editProfile',0,1,1,994,'icon',1,0,'User','id',0,_binary '',_binary '\0',_binary '',1,0,0,0,0,5,0,_binary '\0',0,0,1,0,NULL,NULL,NULL,_binary '\0',_binary '\0',_binary '\0',_binary '',NULL,'2020-08-24 13:04:58','2020-08-24 14:13:21'),(993,'用户修改密码',NULL,'POST','/user/editPassword',0,1,1,994,'icon',1,0,'User','id',0,_binary '',_binary '\0',_binary '',1,0,0,0,0,5,0,_binary '\0',0,0,1,0,NULL,NULL,NULL,_binary '\0',_binary '\0',_binary '\0',_binary '',NULL,'2020-08-24 13:14:39','2020-08-24 14:13:28'),(994,'个人中心',NULL,'GET','/userCenter',0,0,3,0,'people',1,19,'User','id',0,_binary '',_binary '\0',_binary '',1,0,0,0,0,5,0,_binary '\0',0,0,1,0,NULL,'userCenter','userCenter',_binary '\0',_binary '\0',_binary '\0',_binary '',NULL,'2020-08-24 14:12:21','2020-10-12 22:12:43'),(995,'用户快捷菜单树',NULL,'GET','/fastMenu/getMenuTree',0,3,1,994,'icon',1,0,'FastMenu','id',0,_binary '',_binary '\0',_binary '',1,0,0,0,0,5,0,_binary '\0',0,0,1,0,NULL,NULL,NULL,_binary '\0',_binary '\0',_binary '\0',_binary '',NULL,'2020-08-24 14:14:37',NULL),(996,'保存快捷菜单',NULL,'POST','/fastMenu/saveFastMenu',0,0,1,994,'icon',1,0,'FastMenu','id',0,_binary '',_binary '\0',_binary '',1,0,0,0,0,5,0,_binary '\0',0,0,1,0,NULL,NULL,NULL,_binary '\0',_binary '\0',_binary '\0',_binary '',NULL,'2020-08-24 14:26:34',NULL),(997,'获取最新的消息',NULL,'GET','/userMessage/getLatestMessage',0,3,1,809,'icon',1,0,'UserMessage','id',0,_binary '',_binary '\0',_binary '',1,0,0,0,0,5,0,_binary '\0',0,0,1,0,NULL,NULL,NULL,_binary '\0',_binary '\0',_binary '\0',_binary '',NULL,'2020-08-24 16:57:21',NULL),(998,'配置管理',NULL,'GET','config',0,5,3,0,'config',1,20,'DictGroup','id',0,_binary '',_binary '\0',_binary '',1,1,0,0,0,5,0,_binary '\0',0,0,1,0,NULL,'config','config',_binary '',_binary '',_binary '\0',_binary '',NULL,'2020-08-24 22:15:46','2020-10-12 22:15:01'),(999,'数据字典组',NULL,'GET','/dictGroup/getData',0,3,0,998,'config',1,1,'DictGroup','id',0,_binary '',_binary '\0',_binary '',1,1,0,0,0,5,0,_binary '\0',0,0,1,0,'config:dictGroup:query','config/dictGroup/index','dictGroup',_binary '',_binary '',_binary '\0',_binary '',NULL,'2020-08-24 22:18:17','2020-10-12 22:17:00'),(1000,'数据字典项',NULL,'GET','/dictItem/getData',0,3,0,998,'config',1,2,'DictItem','id',0,_binary '',_binary '\0',_binary '',1,1,0,0,0,5,0,_binary '\0',0,0,1,0,'config:dictItem:query','config/dictItem/index','dictItem',_binary '\0',_binary '',_binary '\0',_binary '',NULL,'2020-08-24 22:21:30','2020-10-12 22:17:07'),(1001,'新增字典组',NULL,'POST','/dictGroup/create',0,0,1,999,'icon',1,0,'DictGroup','id',0,_binary '',_binary '\0',_binary '',1,1,0,0,0,5,0,_binary '\0',0,0,1,0,'config:dictGroup:create',NULL,NULL,_binary '\0',_binary '\0',_binary '\0',_binary '',NULL,'2020-08-24 22:23:57',NULL),(1002,'修改字典组',NULL,'POST','/dictGroup/edit',0,1,1,999,'icon',1,0,'DictGroup','id',0,_binary '',_binary '\0',_binary '',1,1,0,0,0,5,0,_binary '\0',0,0,1,0,'config:dictGroup:edit',NULL,NULL,_binary '\0',_binary '\0',_binary '\0',_binary '',NULL,'2020-08-24 22:24:31','2020-08-24 22:25:28'),(1003,'删除字典组',NULL,'POST','/dictGroup/delete',0,2,1,999,'icon',1,0,'DictGroup','id',0,_binary '',_binary '\0',_binary '',1,1,0,0,0,5,0,_binary '\0',0,0,1,0,'config:dictGroup:delete',NULL,NULL,_binary '\0',_binary '\0',_binary '\0',_binary '',NULL,'2020-08-24 22:25:13','2020-08-25 07:10:10'),(1004,'新增字典项',NULL,'POST','/dictItem/create',0,0,1,1000,'icon',1,0,'DictItem','id',0,_binary '',_binary '\0',_binary '',1,1,0,0,0,5,0,_binary '\0',0,0,1,0,'config:dictItem:create',NULL,NULL,_binary '\0',_binary '\0',_binary '\0',_binary '',NULL,'2020-08-24 22:26:25',NULL),(1005,'修改字典项',NULL,'POST','/dictItem/edit',0,1,1,1000,'icon',1,0,'DictItem','id',0,_binary '',_binary '\0',_binary '',1,1,0,0,0,5,0,_binary '\0',0,0,1,0,'config:dictItem:edit',NULL,NULL,_binary '\0',_binary '\0',_binary '\0',_binary '',NULL,'2020-08-24 22:27:01',NULL),(1006,'删除字典项',NULL,'POST','/dictItem/delete',0,2,1,1000,'icon',1,0,'DictItem','id',0,_binary '',_binary '\0',_binary '',1,1,0,0,0,5,0,_binary '\0',0,0,1,0,'config:dictItem:delete',NULL,NULL,_binary '\0',_binary '\0',_binary '\0',_binary '',NULL,'2020-08-24 22:27:35',NULL),(1007,'获取详情',NULL,'GET','/dictGroup/get',0,3,1,999,'icon',1,0,'DictGroup','id',0,_binary '',_binary '\0',_binary '',1,1,0,0,0,5,0,_binary '\0',0,0,1,0,NULL,NULL,NULL,_binary '\0',_binary '\0',_binary '\0',_binary '',NULL,'2020-08-25 07:11:09','2020-08-25 07:11:20'),(1008,'获取详情',NULL,'GET','/dictItem/get',0,3,1,1000,'icon',1,0,'DictItem','id',0,_binary '',_binary '\0',_binary '',1,1,0,0,0,5,0,_binary '\0',0,0,1,0,NULL,NULL,NULL,_binary '\0',_binary '\0',_binary '\0',_binary '',NULL,'2020-08-25 07:11:51',NULL),(1009,'系统配置',NULL,'GET','/systemConfig/getData',0,3,0,998,'config',1,3,'SystemConfig','id',0,_binary '',_binary '\0',_binary '',1,1,0,0,0,5,0,_binary '\0',0,0,1,0,'config:systemConfig:query','config/systemConfig/index','systemConfig',_binary '',_binary '',_binary '\0',_binary '',NULL,'2020-08-25 09:59:58','2020-10-12 22:17:15'),(1010,'新增配置',NULL,'POST','/systemConfig/create',0,0,1,1009,'icon',1,0,'SystemConfig','id',0,_binary '',_binary '\0',_binary '',1,1,0,0,0,5,0,_binary '\0',0,0,1,0,'config:systemConfig:create',NULL,NULL,_binary '\0',_binary '\0',_binary '\0',_binary '',NULL,'2020-08-25 10:00:35',NULL),(1011,'修改配置',NULL,'POST','/systemConfig/edit',0,1,1,1009,'icon',1,0,'SystemConfig','id',0,_binary '',_binary '\0',_binary '',1,1,0,0,0,5,0,_binary '\0',0,0,1,0,'config:systemConfig:edit',NULL,NULL,_binary '\0',_binary '\0',_binary '\0',_binary '',NULL,'2020-08-25 10:01:26',NULL),(1012,'删除配置',NULL,'POST','/systemConfig/delete',0,2,1,1009,'icon',1,0,'SystemConfig','id',0,_binary '',_binary '\0',_binary '',1,1,0,0,0,5,0,_binary '\0',0,0,1,0,'config:systemConfig:delete',NULL,NULL,_binary '\0',_binary '\0',_binary '\0',_binary '',NULL,'2020-08-25 10:02:00',NULL),(1013,'获取配置',NULL,'GET','/systemConfig/get',0,3,1,1009,'icon',1,0,'SystemConfig','id',0,_binary '',_binary '\0',_binary '',1,1,0,0,0,5,0,_binary '\0',0,0,1,0,'config:systemConfig:get',NULL,NULL,_binary '\0',_binary '\0',_binary '\0',_binary '',NULL,'2020-08-25 10:02:33','2020-08-25 10:02:46'),(1024,'获取角色树',NULL,'GET','/role/getRoleTree',0,5,2,804,'icon',1,0,'Role','id',0,_binary '',_binary '\0',_binary '',1,1,0,0,0,5,0,_binary '\0',0,0,1,0,NULL,NULL,NULL,_binary '\0',_binary '\0',_binary '\0',_binary '',NULL,'2020-08-25 17:01:22',NULL),(1041,'刷新缓存',NULL,'POST','/systemConfig/refreshCache',0,5,1,1009,'icon',1,0,'SystemConfig','id',0,_binary '',_binary '\0',_binary '',1,1,0,0,0,5,0,_binary '\0',0,0,1,0,'config:systemConfig:refreshCache',NULL,NULL,_binary '\0',_binary '\0',_binary '\0',_binary '',NULL,'2020-08-27 20:23:36',NULL),(1048,'下载',NULL,'GET','/backup/download',0,5,1,850,'icon',1,0,'Account','id',0,_binary '',_binary '\0',_binary '',1,1,0,0,0,5,0,_binary '\0',0,0,1,0,'system:backup:download',NULL,NULL,_binary '\0',_binary '\0',_binary '\0',_binary '',NULL,'2020-09-02 13:25:34','2020-09-25 14:21:04'),(1054,'删除',NULL,'POST','/backup/delete',0,2,1,850,'icon',1,0,'Account','id',0,_binary '',_binary '\0',_binary '',1,1,0,0,0,5,0,_binary '\0',0,0,1,0,'system:backup:delete',NULL,NULL,_binary '\0',_binary '\0',_binary '\0',_binary '',NULL,'2020-09-07 12:25:38','2020-09-07 12:51:55'),(1068,'操作日志统计',NULL,'GET','/operationLog/stat',0,4,0,806,'log',1,2,'OperationLog','id',0,_binary '',_binary '\0',_binary '',1,1,0,0,0,5,0,_binary '\0',0,0,1,0,'log:operationLog:stat','log/operationLog/stat','operationLog/stat',_binary '\0',_binary '',_binary '\0',_binary '',NULL,'2020-09-28 23:04:01','2020-09-28 23:31:01'),(1069,'操作日志分时统计',NULL,'GET','/operationLog/dateStat',0,4,0,806,'log',1,2,'OperationLog','id',0,_binary '',_binary '\0',_binary '',1,1,0,0,0,5,0,_binary '\0',0,0,1,0,'log:operationLog:dateStat','log/operationLog/dateStat','operationLog/dateStat',_binary '\0',_binary '',_binary '\0',_binary '',NULL,'2020-09-29 08:01:47',NULL),(1070,'系统日志分析',NULL,'GET','/systemLog/analyseStat',0,4,0,806,'log',1,3,'SystemLog','id',0,_binary '',_binary '\0',_binary '',1,1,0,0,0,5,0,_binary '\0',0,0,1,0,'log:systemLog:analyseStat','log/systemLog/analyseStat','systemLog/analyseStat',_binary '\0',_binary '',_binary '\0',_binary '',NULL,'2020-09-29 08:50:48',NULL);
/*!40000 ALTER TABLE `system_function` ENABLE KEYS */;
UNLOCK TABLES;

--
-- Table structure for table `system_log`
--

DROP TABLE IF EXISTS `system_log`;
/*!40101 SET @saved_cs_client     = @@character_set_client */;
/*!50503 SET character_set_client = utf8mb4 */;
CREATE TABLE `system_log` (
  `id` bigint NOT NULL AUTO_INCREMENT,
  `user_id` bigint NOT NULL,
  `username` varchar(45) NOT NULL,
  `error_code` int NOT NULL DEFAULT '0',
  `log_level` smallint NOT NULL,
  `title` varchar(100) NOT NULL,
  `content` varchar(2000) NOT NULL,
  `system_function_id` bigint DEFAULT NULL,
  `url_address` varchar(100) DEFAULT NULL,
  `method` varchar(45) DEFAULT NULL,
  `occur_time` datetime NOT NULL,
  `store_time` datetime NOT NULL,
  `store_duration` int NOT NULL DEFAULT '0',
  `ip_address` varchar(45) DEFAULT NULL,
  `location_code` varchar(45) DEFAULT NULL,
  `mac_address` varchar(45) DEFAULT NULL,
  `host_ip_address` varchar(45) DEFAULT NULL,
  `paras` varchar(2000) DEFAULT NULL,
  `id_value` varchar(45) DEFAULT NULL,
  `exception_class_name` varchar(100) DEFAULT NULL,
  `remark` varchar(200) DEFAULT NULL,
  `created_time` datetime NOT NULL,
  `last_modify_time` datetime DEFAULT NULL,
  PRIMARY KEY (`id`)
) ENGINE=InnoDB DEFAULT CHARSET=utf8mb4 COLLATE=utf8mb4_0900_ai_ci;
/*!40101 SET character_set_client = @saved_cs_client */;

--
-- Dumping data for table `system_log`
--

LOCK TABLES `system_log` WRITE;
/*!40000 ALTER TABLE `system_log` DISABLE KEYS */;
/*!40000 ALTER TABLE `system_log` ENABLE KEYS */;
UNLOCK TABLES;

--
-- Table structure for table `system_monitor_user`
--

DROP TABLE IF EXISTS `system_monitor_user`;
/*!40101 SET @saved_cs_client     = @@character_set_client */;
/*!50503 SET character_set_client = utf8mb4 */;
CREATE TABLE `system_monitor_user` (
  `id` bigint NOT NULL AUTO_INCREMENT,
  `user_id` bigint NOT NULL,
  `buss_type` smallint NOT NULL,
  `sms_notify` tinyint NOT NULL,
  `wx_notify` tinyint NOT NULL,
  `sys_msg_notify` tinyint NOT NULL,
  `remark` varchar(200) DEFAULT NULL,
  `created_time` datetime NOT NULL,
  `last_modify_time` datetime DEFAULT NULL,
  PRIMARY KEY (`id`)
) ENGINE=InnoDB AUTO_INCREMENT=24 DEFAULT CHARSET=utf8mb4 COLLATE=utf8mb4_0900_ai_ci;
/*!40101 SET character_set_client = @saved_cs_client */;

--
-- Dumping data for table `system_monitor_user`
--

LOCK TABLES `system_monitor_user` WRITE;
/*!40000 ALTER TABLE `system_monitor_user` DISABLE KEYS */;
INSERT INTO `system_monitor_user` VALUES (18,1,1,1,1,1,NULL,'2020-10-17 14:59:23',NULL),(19,1,2,1,1,1,NULL,'2020-10-17 14:59:23',NULL),(20,1,3,1,1,1,NULL,'2020-10-17 14:59:23',NULL),(21,1,4,1,1,1,NULL,'2020-10-17 14:59:23',NULL),(22,1,5,1,1,1,NULL,'2020-10-17 14:59:23',NULL),(23,1,6,1,1,1,NULL,'2020-10-17 14:59:23',NULL);
/*!40000 ALTER TABLE `system_monitor_user` ENABLE KEYS */;
UNLOCK TABLES;

--
-- Table structure for table `task_log`
--

DROP TABLE IF EXISTS `task_log`;
/*!40101 SET @saved_cs_client     = @@character_set_client */;
/*!50503 SET character_set_client = utf8mb4 */;
CREATE TABLE `task_log` (
  `id` bigint NOT NULL AUTO_INCREMENT,
  `task_trigger_id` bigint NOT NULL,
  `buss_date` date NOT NULL,
  `schedule_identity_id` varchar(64) NOT NULL,
  `start_time` datetime NOT NULL,
  `end_time` datetime NOT NULL,
  `cost_time` bigint NOT NULL,
  `execute_result` smallint NOT NULL,
  `sub_task_execute_results` varchar(100) DEFAULT NULL,
  `deploy_id` varchar(45) NOT NULL,
  `ip_address` varchar(64) DEFAULT NULL,
  `redo_times` int DEFAULT NULL,
  `last_start_time` datetime DEFAULT NULL,
  `last_end_time` datetime DEFAULT NULL,
  `log_comment` varchar(255) DEFAULT NULL,
  PRIMARY KEY (`id`)
) ENGINE=InnoDB DEFAULT CHARSET=utf8mb4 COLLATE=utf8mb4_0900_ai_ci;
/*!40101 SET character_set_client = @saved_cs_client */;

--
-- Dumping data for table `task_log`
--

LOCK TABLES `task_log` WRITE;
/*!40000 ALTER TABLE `task_log` DISABLE KEYS */;
/*!40000 ALTER TABLE `task_log` ENABLE KEYS */;
UNLOCK TABLES;

--
-- Table structure for table `task_server`
--

DROP TABLE IF EXISTS `task_server`;
/*!40101 SET @saved_cs_client     = @@character_set_client */;
/*!50503 SET character_set_client = utf8mb4 */;
CREATE TABLE `task_server` (
  `id` bigint NOT NULL AUTO_INCREMENT,
  `deploy_id` varchar(32) NOT NULL,
  `ip_address` varchar(32) DEFAULT NULL,
  `status` tinyint DEFAULT NULL,
  `support_distri` tinyint DEFAULT NULL,
  `cejc` int DEFAULT NULL,
  `sjc` int DEFAULT NULL,
  `start_time` datetime DEFAULT NULL,
  `last_update_time` datetime DEFAULT NULL,
  `shutdown_time` datetime DEFAULT NULL,
  PRIMARY KEY (`id`)
) ENGINE=InnoDB DEFAULT CHARSET=utf8mb4 COLLATE=utf8mb4_0900_ai_ci;
/*!40101 SET character_set_client = @saved_cs_client */;

--
-- Dumping data for table `task_server`
--

LOCK TABLES `task_server` WRITE;
/*!40000 ALTER TABLE `task_server` DISABLE KEYS */;
/*!40000 ALTER TABLE `task_server` ENABLE KEYS */;
UNLOCK TABLES;

--
-- Table structure for table `task_trigger`
--

DROP TABLE IF EXISTS `task_trigger`;
/*!40101 SET @saved_cs_client     = @@character_set_client */;
/*!50503 SET character_set_client = utf8mb4 */;
CREATE TABLE `task_trigger` (
  `id` bigint NOT NULL AUTO_INCREMENT,
  `name` varchar(64) NOT NULL,
  `user_id` bigint NOT NULL,
  `deploy_id` varchar(45) NOT NULL,
  `task_class` varchar(100) NOT NULL,
  `distriable` tinyint NOT NULL,
  `redo_type` smallint NOT NULL,
  `sub_task_codes` varchar(100) DEFAULT NULL,
  `sub_task_names` varchar(100) DEFAULT NULL,
  `allowed_redo_times` int NOT NULL,
  `timeout` bigint NOT NULL,
  `group_name` varchar(45) NOT NULL,
  `trigger_type` smallint NOT NULL,
  `trigger_interval` int NOT NULL,
  `trigger_paras` varchar(300) DEFAULT NULL,
  `cron_expression` varchar(45) DEFAULT NULL,
  `offset_days` int NOT NULL,
  `first_execute_time` datetime NOT NULL,
  `next_execute_time` datetime DEFAULT NULL,
  `trigger_status` smallint NOT NULL,
  `last_execute_result` smallint DEFAULT NULL,
  `last_execute_time` datetime DEFAULT NULL,
  `total_count` bigint NOT NULL,
  `fail_count` bigint NOT NULL,
  `check_unique` tinyint NOT NULL,
  `unique_type` int NOT NULL DEFAULT '0',
  `loggable` tinyint NOT NULL,
  `notifiable` tinyint NOT NULL,
  `exec_time_periods` varchar(100) DEFAULT NULL,
  `created_time` datetime NOT NULL,
  `modify_time` datetime DEFAULT NULL,
  `comment` varchar(200) DEFAULT NULL,
  `version` bigint NOT NULL DEFAULT '0',
  PRIMARY KEY (`id`)
) ENGINE=InnoDB AUTO_INCREMENT=45 DEFAULT CHARSET=utf8mb4 COLLATE=utf8mb4_0900_ai_ci;
/*!40101 SET character_set_client = @saved_cs_client */;

--
-- Dumping data for table `task_trigger`
--

LOCK TABLES `task_trigger` WRITE;
/*!40000 ALTER TABLE `task_trigger` DISABLE KEYS */;
INSERT INTO `task_trigger` VALUES (1,'测试调度',1,'lh-01','cn.mulanbay.schedule.job.TestJob',1,1,'','',5,60,'test',1,10,NULL,'',0,'2017-11-19 10:23:16','2018-01-05 22:09:06',0,2,'2019-12-23 14:07:51',313,0,1,0,1,0,'{\"times\":\"\",\"weeks\":[\"1\",\"2\"]}','2017-11-19 10:23:57','2019-12-23 13:33:00','',9),(12,'数据库清理任务',1,'smp01','cn.mulanbay.pms.handler.job.DatabaseCleanJob',1,1,NULL,NULL,5,600,'database',4,1,NULL,NULL,-1,'2017-11-26 02:00:00','2020-08-31 02:00:00',1,0,'2020-08-30 02:00:00',466,0,0,1,1,0,NULL,'2017-11-25 21:51:30','2020-06-22 17:36:48',NULL,457),(13,'发送提醒消息（基于数据库）',1,'smp01','cn.mulanbay.pms.handler.job.SendDatabaseUserMessageJob',1,1,NULL,NULL,5,600,'message',2,1,'{\"maxRows\":\"1000\",\"compareMinutes\":\"0\"}',NULL,0,'2017-11-26 00:02:00','2019-07-16 22:29:00',0,2,'2019-07-16 22:28:00',60963,0,0,0,0,0,'','2017-11-26 00:01:59','2019-10-11 08:35:05',NULL,60991),(14,'定时备份数据库',1,'smp01','cn.mulanbay.pms.handler.job.PmsCommandJob',1,1,NULL,NULL,5,600,'backup',4,1,'{\"cmd\":\"\",\"osType\":\"LINUX\",\"asyn\":\"false\",\"code\":\"BACKUP_DB\"}',NULL,0,'2017-11-27 03:30:46','2020-08-30 03:30:46',1,0,'2020-08-29 03:30:48',472,5,1,0,1,0,NULL,'2017-11-26 11:04:01','2020-10-17 13:28:19',NULL,463),(15,'定时备份整个木兰湾项目',1,'smp01','cn.mulanbay.pms.handler.job.PmsCommandJob',1,1,NULL,NULL,5,600,'backup',4,7,'{\"cmd\":\"\",\"osType\":\"LINUX\",\"asyn\":\"false\",\"code\":\"BACKUP_MULANBAY\"}',NULL,0,'2017-11-27 04:00:00','2020-08-31 04:00:00',1,0,'2020-08-24 04:01:46',152,0,1,0,1,0,NULL,'2017-11-26 12:19:04','2020-06-07 10:38:46',NULL,67),(16,'同步备份数据到FTP服务器',1,'smp01','cn.mulanbay.pms.handler.job.FtpSyncToRemoteJob',1,1,NULL,NULL,5,600,'backup',4,1,'{\"serverHost\":\"192.168.123.105\",\"username\":\"software\",\"password\":\"fenghong007\",\"port\":\"21\",\"remotePath\":\"mulanbay\",\"localPath\":\"/mulanbay/server/serverUpdate/mulanbaybackup\"}',NULL,0,'2017-11-27 05:00:00','2020-03-28 05:00:00',0,1,'2020-03-27 05:00:35',310,310,0,0,1,1,NULL,'2017-11-26 15:47:08','2020-03-27 13:30:11',NULL,299),(25,'备份文件夹清理',1,'smp01','cn.mulanbay.schedule.job.FileClearJob',1,1,NULL,NULL,5,60,'file',4,1,'{\"sourcePath\":\"/mulanbay/server/serverUpdate/mulanbaybackup\",\"backupPath\":\"/mulanbay/server/serverUpdate/mulanbaybackup\",\"backup\":\"false\",\"zip\":\"false\",\"backupDateFormat\":\"yyyy-MM-dd\",\"keepDays\":\"7\"}',NULL,-1,'2018-03-11 06:00:00','2020-08-30 06:00:00',1,0,'2020-08-29 06:00:00',903,0,0,0,1,0,NULL,'2018-03-10 16:17:37','2019-02-28 21:29:40',NULL,452),(39,'发送提醒消息（基于Redis）',1,'smp01','cn.mulanbay.pms.handler.job.SendRedisDelayMessageJob',1,1,'','',5,60,'message',1,10,'{\"maxFails\":\"3\",\"delaySeconds\":\"60\"}','',0,'2019-10-10 22:11:30','2020-08-30 03:30:50',1,2,'2020-08-30 03:30:40',2768891,0,1,0,0,0,NULL,'2019-10-10 22:11:17','2020-10-17 13:27:24','',2764209),(40,'网络监测',0,'smp01','cn.mulanbay.pms.handler.job.NetworkCheckJob',1,1,NULL,NULL,5,60,'message',2,5,'{\"url\":\"https://www.baidu.com\"}',NULL,0,'2019-12-12 18:50:00','2020-08-30 03:35:00',1,2,'2020-08-30 03:30:00',74491,0,0,0,0,0,'{\"times\":\"08:00-22:00\"}','2019-12-12 18:25:37',NULL,NULL,74334),(41,'系统监控',1,'smp01','cn.mulanbay.pms.handler.job.SystemMonitorJob',1,1,NULL,NULL,5,60,'remind',3,1,'{\"diskMaxRate\":\"0.8\",\"memoryMaxRate\":\"0.8\",\"cpuMaxRate\":\"0.8\",\"queueSize\":\"100\",\"days\":\"7\",\"diskAlertSelfJobs\":\"12,25\",\"memoryAlertSelfJobs\":\"42\",\"cpuAlertSelfJobs\":\"\",\"autoDoJob\":\"true\"}',NULL,0,'2020-01-15 14:36:00','2020-08-30 04:00:00',1,2,'2020-08-30 03:00:00',5438,0,0,0,0,0,NULL,'2020-01-15 14:35:48','2020-06-23 07:05:26',NULL,5450),(42,'定时释放系统缓存',1,'smp01','cn.mulanbay.pms.handler.job.PmsCommandJob',1,1,NULL,NULL,5,60,'system',4,1,'{\"cmd\":\"\",\"osType\":\"UNKNOWN\",\"asyn\":\"false\",\"code\":\"BUFF_CACHE\"}',NULL,0,'2020-06-09 06:00:00','2020-08-30 06:00:00',1,0,'2020-08-29 20:00:01',102,0,0,0,1,0,NULL,'2020-06-08 12:59:37','2020-06-08 13:04:24','操作系统内存经常达到90%以上，不知为什么一直无法释放',136),(44,'自动重做失败的调度日志',1,'lh','cn.mulanbay.schedule.job.AutoRedoJob',1,0,NULL,NULL,5,60,'backup',4,1,'{\"startDays\":7,\"endDays\":1}',NULL,0,'2020-09-04 22:02:00','2020-09-05 22:07:00',1,0,'2020-09-04 22:07:00',3,1,1,0,1,0,NULL,'2020-09-04 22:00:10','2020-09-04 22:06:04',NULL,6);
/*!40000 ALTER TABLE `task_trigger` ENABLE KEYS */;
UNLOCK TABLES;

--
-- Table structure for table `user`
--

DROP TABLE IF EXISTS `user`;
/*!40101 SET @saved_cs_client     = @@character_set_client */;
/*!50503 SET character_set_client = utf8mb4 */;
CREATE TABLE `user` (
  `id` bigint NOT NULL AUTO_INCREMENT,
  `username` varchar(45) NOT NULL,
  `nickname` varchar(45) NOT NULL,
  `password` varchar(100) NOT NULL,
  `phone` varchar(45) DEFAULT NULL,
  `email` varchar(64) DEFAULT NULL,
  `birthday` date DEFAULT NULL,
  `level` int NOT NULL DEFAULT '3',
  `points` int NOT NULL DEFAULT '0',
  `sec_auth_type` smallint DEFAULT '0',
  `last_login_token` varchar(64) DEFAULT NULL,
  `last_family_mode` smallint DEFAULT '0',
  `last_login_time` datetime DEFAULT NULL,
  `last_login_ip` varchar(64) DEFAULT NULL,
  `status` smallint DEFAULT NULL,
  `expire_time` datetime DEFAULT NULL,
  `avatar` varchar(100) DEFAULT NULL,
  `remark` varchar(200) DEFAULT NULL,
  `created_time` datetime NOT NULL,
  `last_modify_time` datetime DEFAULT NULL,
  PRIMARY KEY (`id`),
  UNIQUE KEY `id_UNIQUE` (`id`)
) ENGINE=InnoDB AUTO_INCREMENT=4 DEFAULT CHARSET=utf8mb4 COLLATE=utf8mb4_0900_ai_ci;
/*!40101 SET character_set_client = @saved_cs_client */;

--
-- Dumping data for table `user`
--

LOCK TABLES `user` WRITE;
/*!40000 ALTER TABLE `user` DISABLE KEYS */;
INSERT INTO `user` VALUES (0,'admin','管理员','E10ADC3949BA59ABBE56E057F20F883E',NULL,NULL,'1990-01-01',3,14560,0,NULL,NULL,'2020-10-16 12:47:47','127.0.0.1',0,'2049-09-02 19:00:00',NULL,NULL,'2002-08-06 22:01:26','2020-10-14 16:45:23'),(1,'mulanbay','木兰湾','E10ADC3949BA59ABBE56E057F20F883E','13712345678','495128130@qq.com','1990-01-01',3,0,0,'fb269018-acbe-4013-98e0-c0d821052398',NULL,'2021-03-29 17:24:36','127.0.0.1',0,'2030-09-02 19:00:00','/20200830/f71322e7-ccbb-45fe-910e-1b554973f8f8.jpeg','默认用户','2002-08-06 22:01:26','2020-10-17 09:27:10');
/*!40000 ALTER TABLE `user` ENABLE KEYS */;
UNLOCK TABLES;

--
-- Table structure for table `user_data_delete`
--

DROP TABLE IF EXISTS `user_data_delete`;
/*!40101 SET @saved_cs_client     = @@character_set_client */;
/*!50503 SET character_set_client = utf8mb4 */;
CREATE TABLE `user_data_delete` (
  `id` bigint NOT NULL AUTO_INCREMENT,
  `name` varchar(45) NOT NULL,
  `table_name` varchar(45) NOT NULL,
  `user_field` varchar(45) DEFAULT NULL,
  `order_index` smallint DEFAULT NULL,
  `status` smallint NOT NULL,
  `remark` varchar(200) DEFAULT NULL,
  `created_time` datetime NOT NULL,
  `last_modify_time` datetime DEFAULT NULL,
  PRIMARY KEY (`id`),
  UNIQUE KEY `UNIQUE` (`table_name`)
) ENGINE=InnoDB AUTO_INCREMENT=75 DEFAULT CHARSET=utf8mb4 COLLATE=utf8mb4_0900_ai_ci COMMENT='用户数据清理配置表';
/*!40101 SET character_set_client = @saved_cs_client */;

--
-- Dumping data for table `user_data_delete`
--

LOCK TABLES `user_data_delete` WRITE;
/*!40000 ALTER TABLE `user_data_delete` DISABLE KEYS */;
INSERT INTO `user_data_delete` VALUES (1,'用户账户','account','user_id',1,1,NULL,'2020-02-10 10:00:00',NULL),(2,'账户流水','account_flow','user_id',2,1,NULL,'2020-02-10 10:00:00',NULL),(3,'用户账户快照','account_snapshot_info','user_id',3,1,NULL,'2020-02-10 10:00:00',NULL),(4,'身体不适记录','body_abnormal_record','user_id',4,1,NULL,'2020-02-10 10:00:00',NULL),(5,'身体基本信息','body_basic_info','user_id',5,1,NULL,'2020-02-10 10:00:00',NULL),(6,'书籍类型','book_category','user_id',6,1,NULL,'2020-02-10 10:00:00',NULL),(7,'预算','budget','user_id',7,1,NULL,'2020-02-10 10:00:00',NULL),(8,'预算流水','budget_log','user_id',8,1,NULL,'2020-02-10 10:00:00',NULL),(9,'预算时间线','budget_timeline','user_id',9,1,NULL,'2020-02-10 10:00:00',NULL),(10,'出差记录','business_trip','user_id',10,1,NULL,'2020-02-10 10:00:00',NULL),(11,'消费记录','buy_record','user_id',11,1,NULL,'2020-02-10 10:00:00',NULL),(12,'购买来源','buy_type','user_id',12,1,NULL,'2020-02-10 10:00:00',NULL),(13,'通用记录','common_record','user_id',13,1,NULL,'2020-02-10 10:00:00',NULL),(14,'通用记录类型','common_record_type','user_id',14,1,NULL,'2020-02-10 10:00:00',NULL),(15,'公司','company','user_id',15,1,NULL,'2020-02-10 10:00:00',NULL),(16,'人生记录的消费类型','consume_type','user_id',16,1,NULL,'2020-02-10 10:00:00',NULL),(17,'日记','diary','user_id',17,1,NULL,'2020-02-10 10:00:00',NULL),(18,'饮食记录','diet','user_id',18,1,NULL,'2020-02-10 10:00:00',NULL),(19,'食物分类','diet_category','user_id',19,0,'这个应该是系统自带','2020-02-10 10:00:00',NULL),(20,'梦想','dream','user_id',20,1,NULL,'2020-02-10 10:00:00',NULL),(21,'梦想提醒','dream_remind','user_id',21,1,NULL,'2020-02-10 10:00:00',NULL),(22,'商品类型','goods_type','user_id',22,1,NULL,'2020-02-10 10:00:00',NULL),(23,'收入','income','user_id',23,1,NULL,'2020-02-10 10:00:00',NULL),(24,'人生经历','life_experience','user_id',24,1,NULL,'2020-02-10 10:00:00',NULL),(25,'人生经历消费记录','life_experience_consume','user_id',25,1,NULL,'2020-02-10 10:00:00',NULL),(26,'人生经历详情','life_experience_detail','user_id',26,1,NULL,'2020-02-10 10:00:00',NULL),(27,'人生经历汇总统计','life_experience_sum','user_id',27,1,NULL,'2020-02-10 10:00:00',NULL),(28,'乐器','music_instrument','user_id',28,1,NULL,'2020-02-10 10:00:00',NULL),(29,'音乐练习','music_practice','user_id',29,1,NULL,'2020-02-10 10:00:00',NULL),(30,'音乐练习曲子','music_practice_tune','user_id',30,1,NULL,'2020-02-10 10:00:00',NULL),(31,'计划执行报告','plan_report','user_id',31,1,NULL,'2020-02-10 10:00:00',NULL),(32,'计划执行时间线','plan_report_timeline','user_id',32,1,NULL,'2020-02-10 10:00:00',NULL),(33,'价格区间','price_region','user_id',33,1,NULL,'2020-02-10 10:00:00',NULL),(34,'阅读记录','reading_record','user_id',34,1,NULL,'2020-02-10 10:00:00',NULL),(35,'阅读详情','reading_record_detail','user_id',35,1,NULL,'2020-02-10 10:00:00',NULL),(36,'股票价格','shares_price','user_id',36,1,NULL,'2020-02-10 10:00:00',NULL),(37,'睡眠记录','sleep','user_id',37,1,NULL,'2020-02-10 10:00:00',NULL),(38,'锻炼记录','sport_exercise','user_id',38,1,NULL,'2020-02-10 10:00:00',NULL),(39,'锻炼里程碑','sport_milestone','user_id',39,1,NULL,'2020-02-10 10:00:00',NULL),(40,'运动类型','sport_type','user_id',40,1,NULL,'2020-02-10 10:00:00',NULL),(41,'药品记录','treat_drug','user_id',41,1,NULL,'2020-02-10 10:00:00',NULL),(42,'用药详情','treat_drug_detail','user_id',42,1,NULL,'2020-02-10 10:00:00',NULL),(43,'手术记录','treat_operation','user_id',43,1,NULL,'2020-02-10 10:00:00',NULL),(44,'看病记录','treat_record','user_id',44,1,NULL,'2020-02-10 10:00:00',NULL),(45,'看病的检测记录','treat_test','user_id',45,1,NULL,'2020-02-10 10:00:00',NULL),(46,'用户行为配置','user_behavior','user_id',46,1,NULL,'2020-02-10 10:00:00',NULL),(47,'用户日历','user_calendar','user_id',47,1,NULL,'2020-02-10 10:00:00',NULL),(48,'用户图表','user_chart','user_id',48,1,NULL,'2020-02-10 10:00:00',NULL),(49,'用户消息','user_message','user_id',49,1,NULL,'2020-02-10 10:00:00',NULL),(50,'用户提醒','user_notify','user_id',50,1,NULL,'2020-02-10 10:00:00',NULL),(51,'用户提醒的提醒设置','user_notify_remind','user_id',51,1,NULL,'2020-02-10 10:00:00',NULL),(52,'用户计划','user_plan','user_id',52,1,NULL,'2020-02-10 10:00:00',NULL),(53,'用户计划配置值','user_plan_config_value','user_id',53,1,NULL,'2020-02-10 10:00:00',NULL),(54,'用户计划提醒','user_plan_remind','user_id',54,1,NULL,'2020-02-10 10:00:00',NULL),(55,'用户报表','user_report_config','user_id',55,1,NULL,'2020-02-10 10:00:00',NULL),(56,'用户报表提醒','user_report_remind','user_id',56,1,NULL,'2020-02-10 10:00:00',NULL),(57,'用户积分记录','user_reward_point_record','user_id',57,1,NULL,'2020-02-10 10:00:00',NULL),(58,'用户评分','user_score','user_id',58,1,NULL,'2020-02-10 10:00:00',NULL),(59,'用户评分详情','user_score_detail','user_id',59,1,NULL,'2020-02-10 10:00:00',NULL),(60,'用户股票','user_shares','user_id',60,1,NULL,'2020-02-10 10:00:00',NULL),(61,'用户股票评分','user_shares_score','user_id',61,1,NULL,'2020-02-10 10:00:00',NULL),(62,'用户股票评分设置','user_shares_score_config','user_id',62,1,NULL,'2020-02-10 10:00:00',NULL),(63,'用户股票报警记录','user_shares_warn','user_id',63,1,NULL,'2020-02-10 10:00:00',NULL),(64,'用户微信信息','user_wxpay_info','user_id',64,1,NULL,'2020-02-10 10:00:00',NULL),(65,'加班信息','work_overtime','user_id',65,1,NULL,'2020-02-10 10:00:00',NULL),(66,'人生档案信息','life_archives','user_id',66,1,NULL,'2020-02-10 10:00:00',NULL),(67,'账户快照','budget_snapshot','user_id',67,1,NULL,'2020-02-10 10:00:00',NULL),(68,'消费记录匹配日志','buy_record_match_log','user_id',68,1,NULL,'2020-02-10 10:00:00',NULL),(69,'饮食重复度日志','diet_variety_log','user_id',69,1,NULL,'2020-02-10 10:00:00',NULL),(70,'家庭','family','user_id',70,1,NULL,'2020-02-10 10:00:00',NULL),(71,'家庭成员','family_user','user_id',71,1,NULL,'2020-02-10 10:00:00',NULL),(72,'快捷菜单','fast_menu','user_id',72,1,NULL,'2020-02-10 10:00:00',NULL),(73,'系统监控用户配置','system_monitor_user','user_id',73,1,NULL,'2020-02-10 10:00:00',NULL),(74,'用户角色','user_role','user_id',74,1,NULL,'2020-02-10 10:00:00',NULL);
/*!40000 ALTER TABLE `user_data_delete` ENABLE KEYS */;
UNLOCK TABLES;

--
-- Table structure for table `user_data_init`
--

DROP TABLE IF EXISTS `user_data_init`;
/*!40101 SET @saved_cs_client     = @@character_set_client */;
/*!50503 SET character_set_client = utf8mb4 */;
CREATE TABLE `user_data_init` (
  `id` bigint NOT NULL AUTO_INCREMENT,
  `name` varchar(45) NOT NULL,
  `sql_content` varchar(200) NOT NULL,
  `order_index` smallint DEFAULT NULL,
  `status` smallint NOT NULL,
  `remark` varchar(200) DEFAULT NULL,
  `created_time` datetime NOT NULL,
  `last_modify_time` datetime DEFAULT NULL,
  PRIMARY KEY (`id`)
) ENGINE=InnoDB AUTO_INCREMENT=2 DEFAULT CHARSET=utf8mb4 COLLATE=utf8mb4_0900_ai_ci COMMENT='用户数据初始化表';
/*!40101 SET character_set_client = @saved_cs_client */;

--
-- Dumping data for table `user_data_init`
--

LOCK TABLES `user_data_init` WRITE;
/*!40000 ALTER TABLE `user_data_init` DISABLE KEYS */;
INSERT INTO `user_data_init` VALUES (1,'用户账户','insert into account(user_id,name,type,amount,status,created_time) \nselect t_user_id,name,type,amount,status,now() from account where user_id=0',1,1,NULL,'2020-02-10 10:00:00',NULL);
/*!40000 ALTER TABLE `user_data_init` ENABLE KEYS */;
UNLOCK TABLES;

--
-- Table structure for table `user_message`
--

DROP TABLE IF EXISTS `user_message`;
/*!40101 SET @saved_cs_client     = @@character_set_client */;
/*!50503 SET character_set_client = utf8mb4 */;
CREATE TABLE `user_message` (
  `id` bigint NOT NULL AUTO_INCREMENT,
  `user_id` bigint NOT NULL DEFAULT '1',
  `message_type` smallint NOT NULL,
  `buss_type` smallint NOT NULL DEFAULT '0',
  `send_status` smallint NOT NULL,
  `log_level` smallint NOT NULL DEFAULT '0',
  `title` varchar(100) NOT NULL,
  `content` varchar(2000) NOT NULL,
  `fail_count` int NOT NULL,
  `expect_send_time` datetime DEFAULT NULL,
  `last_send_time` datetime DEFAULT NULL,
  `node_id` varchar(45) DEFAULT NULL,
  `code` int DEFAULT '0',
  `url` varchar(100) DEFAULT NULL,
  `remark` varchar(200) DEFAULT NULL,
  `created_time` datetime NOT NULL,
  `last_modify_time` datetime DEFAULT NULL,
  PRIMARY KEY (`id`)
) ENGINE=InnoDB DEFAULT CHARSET=utf8mb4 COLLATE=utf8mb4_0900_ai_ci;
/*!40101 SET character_set_client = @saved_cs_client */;

--
-- Dumping data for table `user_message`
--

LOCK TABLES `user_message` WRITE;
/*!40000 ALTER TABLE `user_message` DISABLE KEYS */;
/*!40000 ALTER TABLE `user_message` ENABLE KEYS */;
UNLOCK TABLES;

--
-- Table structure for table `user_role`
--

DROP TABLE IF EXISTS `user_role`;
/*!40101 SET @saved_cs_client     = @@character_set_client */;
/*!50503 SET character_set_client = utf8mb4 */;
CREATE TABLE `user_role` (
  `id` bigint NOT NULL AUTO_INCREMENT,
  `role_id` bigint NOT NULL,
  `user_id` bigint NOT NULL,
  PRIMARY KEY (`id`)
) ENGINE=InnoDB AUTO_INCREMENT=12 DEFAULT CHARSET=utf8mb4 COLLATE=utf8mb4_0900_ai_ci;
/*!40101 SET character_set_client = @saved_cs_client */;

--
-- Dumping data for table `user_role`
--

LOCK TABLES `user_role` WRITE;
/*!40000 ALTER TABLE `user_role` DISABLE KEYS */;
INSERT INTO `user_role` VALUES (4,1,1),(5,1,0);
/*!40000 ALTER TABLE `user_role` ENABLE KEYS */;
UNLOCK TABLES;

--
-- Table structure for table `user_setting`
--

DROP TABLE IF EXISTS `user_setting`;
/*!40101 SET @saved_cs_client     = @@character_set_client */;
/*!50503 SET character_set_client = utf8mb4 */;
CREATE TABLE `user_setting` (
  `id` bigint NOT NULL AUTO_INCREMENT,
  `user_id` bigint NOT NULL,
  `send_email` tinyint NOT NULL,
  `send_wx_message` tinyint NOT NULL,
  `stat_score` tinyint NOT NULL DEFAULT '1',
  `score_group` varchar(45) DEFAULT '0',
  `resident_city` varchar(45) DEFAULT NULL,
  `remark` varchar(200) DEFAULT NULL,
  `created_time` datetime NOT NULL,
  `last_modify_time` datetime DEFAULT NULL,
  PRIMARY KEY (`id`)
) ENGINE=InnoDB AUTO_INCREMENT=5 DEFAULT CHARSET=utf8mb4 COLLATE=utf8mb4_0900_ai_ci;
/*!40101 SET character_set_client = @saved_cs_client */;

--
-- Dumping data for table `user_setting`
--

LOCK TABLES `user_setting` WRITE;
/*!40000 ALTER TABLE `user_setting` DISABLE KEYS */;
INSERT INTO `user_setting` VALUES (0,0,0,0,1,'0',NULL,NULL,'2018-03-16 09:55:00','2020-10-14 16:45:23'),(1,1,0,1,1,'0','杭州',NULL,'2018-03-16 09:55:00','2020-10-17 09:27:10');
/*!40000 ALTER TABLE `user_setting` ENABLE KEYS */;
UNLOCK TABLES;

--
-- Table structure for table `user_wxpay_info`
--

DROP TABLE IF EXISTS `user_wxpay_info`;
/*!40101 SET @saved_cs_client     = @@character_set_client */;
/*!50503 SET character_set_client = utf8mb4 */;
CREATE TABLE `user_wxpay_info` (
  `id` bigint NOT NULL AUTO_INCREMENT,
  `user_id` bigint DEFAULT NULL,
  `app_id` varchar(64) NOT NULL,
  `open_id` varchar(100) DEFAULT NULL,
  `login_account` varchar(45) DEFAULT NULL,
  `subscribe` tinyint DEFAULT '0',
  `subscribe_time` datetime DEFAULT NULL,
  `remark` varchar(200) DEFAULT NULL,
  `created_time` datetime NOT NULL,
  `last_modify_time` datetime DEFAULT NULL,
  PRIMARY KEY (`id`)
) ENGINE=InnoDB AUTO_INCREMENT=4 DEFAULT CHARSET=utf8mb4 COLLATE=utf8mb4_0900_ai_ci;
/*!40101 SET character_set_client = @saved_cs_client */;

--
-- Dumping data for table `user_wxpay_info`
--

LOCK TABLES `user_wxpay_info` WRITE;
/*!40000 ALTER TABLE `user_wxpay_info` DISABLE KEYS */;
/*!40000 ALTER TABLE `user_wxpay_info` ENABLE KEYS */;
UNLOCK TABLES;

--
-- Dumping routines for database 'mulanbay_template'
--
/*!40103 SET TIME_ZONE=@OLD_TIME_ZONE */;

/*!40101 SET SQL_MODE=@OLD_SQL_MODE */;
/*!40014 SET FOREIGN_KEY_CHECKS=@OLD_FOREIGN_KEY_CHECKS */;
/*!40014 SET UNIQUE_CHECKS=@OLD_UNIQUE_CHECKS */;
/*!40101 SET CHARACTER_SET_CLIENT=@OLD_CHARACTER_SET_CLIENT */;
/*!40101 SET CHARACTER_SET_RESULTS=@OLD_CHARACTER_SET_RESULTS */;
/*!40101 SET COLLATION_CONNECTION=@OLD_COLLATION_CONNECTION */;
/*!40111 SET SQL_NOTES=@OLD_SQL_NOTES */;

-- Dump completed on 2021-03-29 17:52:08
